# Observation date	Start [Å]	End [Å]	Center [Å]	Width	Amplitude	Skew	RMSE	R2	FWHM [Å]	EW [Å]
2016-06-13T07:51:04.085000	4364.0680470653815	4364.788064948569	[4364.30805253,4364.62806147]	[0.43664023,0.61088208]	[0.05087835,0.02866061]	[-0.36872318,-0.8331354 ]	0.2947137312567788	0.45573297446430105	0.11980935861165157	0.14893595267686977
2016-06-13T07:51:04.085000	4370.7082119881115	4373.6682855078825	[4372.20824874,4372.4482557 ]	[0.2490905 ,0.67824727]	[0.33089969,0.19255302]	[1.0691477 ,0.28598444]	0.0542096032222576	0.9700987235670764	0.7792092150040617	1.0101843562799826
2016-06-13T07:51:04.085000	4499.5314115884385	4503.251503984908	[4499.75063907,4501.73146673,4500.49143593]	[1.54283337e-24,5.48011699e-01,1.83932383e-01]	[9.80042987,0.4324394 ,0.20201752]	[-0.12637017, 0.53814348, 0.75990816]	0.09435563956122531	0.875631834361188	23.078248716200576	1.4638490718760484
2016-06-13T07:51:04.085000	4667.335579364675	4669.7756399688105	[4668.63561215]	[0.65638229]	[0.2705389]	[0.26476641]	0.09275252362313754	0.8792397435377118	0.6370704278740791	0.7717173828417294
2016-06-13T07:51:04.085000	4682.39595342135	4682.955967330496	[4682.67022084]	[0.62716694]	[0.04150204]	[-0.09193072]	0.34343233635256165	0.3347389037634867	0.09772984425023498	0.1153736986147186
2016-06-13T07:51:04.085000	4681.535932060876	4684.376002600116	[4684.08476001,4682.03338917,4683.41597925]	[4.52832500e-01,1.35723346e-36,2.17983468e-01]	[0.00375838,0.52624447,0.38238232]	[-0.10310783,-1.2999767 , 1.82344489]	0.0795648682417681	0.9167510402142894	1.2392110254392608	0.8316586669945654
2016-06-13T07:51:04.085000	4697.796335922864	4699.996390565937	[4698.91636324,4698.99636324]	[0.11167941,0.59503259]	[0.20141434,0.23012349]	[-2.        , 0.73300889]	0.036769405378494206	0.9884217534620499	0.5418993980233068	0.8433560654782756
2016-06-13T07:51:04.085000	4721.436923087525	4731.517173452153	[4729.51712427,4730.61715159,4725.89703436]	[0.13157905,0.07928199,0.54769644]	[0.85523058,0.07536541,0.63643511]	[ 1.36597379, 0.44715382,-0.74618861]	0.05258183766699058	0.9596167542281722	2.013914122615231	2.5229902945490523
2016-06-13T07:51:04.085000	4762.69794789353	4763.377964783207	[4763.05795634]	[0.20994564]	[0.03693641]	[1.77031595]	0.2958896658906164	0.3236263438427216	0.08697859225038061	0.09872523315063064
2016-06-13T07:51:04.085000	4764.257986640437	4764.777999556072	[4764.5379931]	[0.29062056]	[0.05450701]	[1.05651648]	0.22244967994524573	0.4118128413232126	0.1283542024776366	0.11450056318724619
2016-06-13T07:51:04.085000	4764.177984653416	4765.338013465218	[4764.73799906,4764.4979931 ,4765.03800651]	[0.26791436,0.60186526,0.34802791]	[0.01978235,0.05572764,0.12077228]	[-1.03633661, 0.02648864, 1.04257028]	0.1181537647815185	0.802731032867851	0.28439698785267414	0.4476199582527542
2016-06-13T07:51:04.085000	4779.11835572956	4780.07837957381	[4779.28339318,4779.39703975,4779.61836753]	[0.36645098,0.24967262,0.40672706]	[0.01916967,0.01840711,0.12494236]	[-0.90507705, 0.037524  ,-0.63228904]	0.15623850531528113	0.6284738123090723	0.29421677259185947	0.3532638359485165
2016-06-13T07:51:04.085000	4963.222928361295	4964.182952205545	[4963.71783721]	[0.71870412]	[0.13633048]	[0.24168021]	0.09630080653942195	0.8831229516792874	0.32103374527910467	0.3892975289588757
2016-06-13T07:51:04.085000	4963.942946244483	4965.422983004368	[4964.70296462,4964.62296363]	[0.11344498,0.48821965]	[0.15893871,0.08939581]	[-2.        ,-0.11364103]	0.12993145125107952	0.7698063657447294	0.37427205231313665	0.4484979589851812
2016-06-13T07:51:04.085000	4965.822992939472	4966.383006848619	[4966.10130987,4966.26099976,4966.1204475 ]	[0.15836586,0.92475705,0.98678956]	[0.06332451,0.00529742,0.00489571]	[0.34064234,1.84781659,1.91004402]	0.2057308331220371	0.46660752706532815	0.14911783670276993	0.11487290726736704
2016-06-13T07:51:04.085000	4968.263053543609	4969.503084342432	[4968.94307093]	[0.57402551]	[0.14973082]	[0.31367884]	0.1354766510405359	0.7421914751527248	0.3525891474792633	0.41533943752697267
2016-06-13T07:51:04.085000	4979.023320797914	4979.903342655142	[4979.47173612,4979.61370647,4979.18332427]	[0.4831531 ,0.61484753,0.16455864]	[0.0168163 ,0.04062821,0.0849221 ]	[ 0.67927239, 0.02079216,-1.15471975]	0.17340029853223604	0.6104785108462986	0.19997626182899028	0.2855091332135059
2016-06-13T07:51:04.085000	4981.823390343642	4982.423405246299	[4982.10339896]	[0.59537981]	[0.03196082]	[0.16335763]	0.2948200611434471	0.37573660387393915	0.07526198722565051	0.11092032831289521
2016-06-13T07:51:04.085000	4984.363453431555	4984.923467340701	[4984.66346039,4984.63558128,4984.57373734]	[0.06965751,0.56759233,0.64480362]	[0.0484971 ,0.01411852,0.02979878]	[-1.99247844,-0.57632158,-0.15436396]	0.15029208867448657	0.7813738589013816	0.11420194601021824	0.14642994121426342
2016-06-13T07:51:04.085000	4981.963393820929	4986.203499133035	[4983.06342065]	[0.29079393]	[0.49525899]	[-0.6919494]	0.22250405464326597	0.35530965816441196	1.1662457902271692	0.8740818475635704
2016-06-13T07:51:04.085000	4986.503506584363	4987.343527448082	[4987.22352496]	[0.1092721]	[0.16396087]	[2.]	0.24316724098277992	0.4062075607410667	0.38609834097485146	0.2508331613468411
2016-06-12T06:12:33.957000	5671.792978236109	5672.592999819608	[5672.19200159,5672.42863875,5672.0965478 ]	[0.70407712,0.25951418,0.60621041]	[0.00624237,0.0099826 ,0.04766509]	[1.43258478,0.05617167,0.25074952]	0.2180215936280678	0.5819148514346627	0.11224270814497532	0.18421505702736432
2016-06-12T06:12:33.957000	5672.4729965820825	5673.1130138488825	[5672.91530613,5672.79398869,5672.68195952]	[0.62474887,0.64819289,0.32789169]	[0.03480063,0.01117712,0.01210984]	[-0.11769771, 0.15630853,-0.87243434]	0.42010899246736594	0.27653762035278817	0.08194923061356213	0.19032285693070544
2016-06-12T06:12:33.957000	5704.673865317943	5705.473886901442	[5705.09387611,5705.35762642,5705.00718327]	[0.54255794,0.55820031,0.1217457 ]	[0.04709383,0.00390986,0.053748  ]	[ 0.30590999,-1.69571209, 1.99997839]	0.15684909545596515	0.7180025972111699	0.1265668564746263	0.2241402879610773
2016-06-12T06:12:33.957000	5702.153797329918	5706.593917118341	[5704.39385722,5704.65386424,5705.33388366]	[0.25115391,0.07572108,0.12067005]	[0.03109577,0.40592539,0.71894885]	[ 0.7985557,-2.       , 2.       ]	0.06202081529750641	0.9246846886938557	1.6929951667058922	1.3370577275100877
2016-06-12T06:12:33.957000	5708.253961904104	5712.174067663252	[5709.17398726,5708.77598099,5709.55399644]	[0.10211903,0.0771861 ,0.19302867]	[0.1391424 ,0.01921547,0.5601591 ]	[ 0.87240688, 0.12235607,-2.        ]	0.1045805067764383	0.8864033138672804	1.3190738828718094	1.399754530455052
2016-06-12T06:12:33.957000	5715.1941491409625	5716.914195545487	[5716.65418912,5716.15417558]	[5.59332617e-15,4.91889068e-01]	[5.91571678,0.15692026]	[0.4536456 ,0.59926502]	0.14815142643901405	0.6796531814237072	13.930448443401064	0.42043888246364486
2016-06-12T06:12:33.957000	5760.035358896115	5760.635375083741	[5760.35536699,5760.39536915,5760.20901108]	[0.15976032,0.49532888,0.54195126]	[0.01927149,0.0565184 ,0.02845368]	[ 1.83434104,-0.27423665, 0.41199521]	0.13759714179230034	0.7504446910235045	0.13309066595792468	0.21963401155825377
2016-06-12T06:12:33.957000	5765.115495951338	5766.435531564112	[5765.79551376]	[0.67317629]	[0.10882541]	[-0.21398429]	0.13358139314959197	0.7938030118221802	0.25626426706038363	0.33002991728583625
2016-06-12T06:12:33.957000	5769.255607645949	5769.815622754398	[5769.5556152]	[0.76421498]	[0.03684866]	[0.30302016]	0.16036480075341636	0.7747446357841037	0.0867719612198811	0.12984413063899833
2016-06-12T06:12:33.957000	5774.97576196797	5776.095792184869	[5775.73578301,5775.51577708,5775.63578031]	[0.57372936,0.21272295,0.10374986]	[0.08501355,0.02815427,0.16819657]	[ 0.15929655,-1.09145909, 2.        ]	0.11188050909108509	0.833057750039736	0.39607266312487405	0.4737000096136218
2016-06-12T06:12:33.957000	5777.775837510219	5782.855974565441	[5780.31156734]	[0.86271276]	[0.54761554]	[0.15267152]	0.038398494711079825	0.9858296160293899	1.2895360547053296	1.8227269841189568
2016-06-12T06:12:33.957000	5784.3360144949165	5785.256039315941	[5784.81449271,5785.1760377 ,5784.42152906]	[0.99999998,0.05475869,0.06926982]	[0.00532698,0.07244489,0.12761789]	[ 1.99999996, 2.        ,-1.99999989]	0.1633464202729069	0.4600217946999632	0.3005171703741303	0.19591822804157738
2016-06-12T06:12:33.957000	5794.236281590724	5795.556317203497	[5794.8762994]	[0.34408536]	[0.19293449]	[0.11549571]	0.21939528510154718	0.2704681089928004	0.4543259971656357	0.33777291351222666
2016-06-12T06:12:33.957000	5795.756322599374	5797.476369003897	[5796.5963458 ,5796.89635282]	[0.69220583,0.72198263]	[0.07187768,0.11483907]	[0.02356437,0.15144674]	0.048002422346211555	0.9818454519595915	0.27042535243648014	0.5401581926987592
2016-06-12T06:12:33.957000	5807.176630703831	5807.936651208154	[5807.55811848,5807.26556706,5807.58598972]	[0.99978831,1.        ,0.09292698]	[0.00486002,0.00494696,0.09506195]	[-1.99992126,-0.33598073,-2.        ]	0.22222283923554334	0.44916533954027926	0.22385378327303698	0.1935816994932896
2016-06-12T06:12:33.957000	5811.196739160915	5811.836756427715	[5811.52806448,5811.31906665,5811.42089981]	[0.77383641,0.2911416 ,0.12995796]	[0.03391084,0.00719062,0.01349391]	[ 0.2394355 ,-0.95947699, 1.99903932]	0.1132622517271338	0.855528462269319	0.0798539254304164	0.14377062135897217
2016-06-12T06:12:33.957000	5817.356905353862	5819.316958233436	[5818.01512372,5818.31693179]	[1.34726629e-12,6.41809846e-01]	[0.31758301,0.15300499]	[-0.98184653,-0.60080545]	0.107641022309357	0.872773139104302	0.7478508478538007	0.4716991507883196
2016-06-12T06:12:33.957000	5840.037517246076	5840.757536671226	[5840.41752696]	[0.61256986]	[0.07994869]	[0.06779139]	0.14868204050827483	0.7031378290246875	0.18826478642284028	0.22184470204169177
2016-06-12T06:12:33.957000	5843.0375981842	5843.637614371825	[5843.31760628]	[0.62677199]	[0.03680322]	[-0.42030943]	0.30568144482228965	0.41310448893501184	0.0866649505898146	0.09570687971458033
2016-06-12T06:12:33.957000	5844.177628940687	5845.137654840887	[5844.63865721,5844.41763596]	[0.70118699,0.47260107]	[0.05117766,0.06125058]	[-0.27367451,-0.31589873]	0.087638086146041	0.9108710471427561	0.14423409224259678	0.27714021556543555
2016-06-12T06:12:33.957000	5848.497745491585	5850.577801608683	[5849.55777355,5848.81467907,5849.23776492]	[0.79899528,0.09282468,0.15682877]	[0.19180072,0.0086341 ,0.07228042]	[-0.04926483, 0.84936888, 1.02098226]	0.05320622256752544	0.9703488823306202	0.451656170308654	0.656045635945445
2016-06-12T06:12:33.957000	5854.377904130307	5856.377958089056	[5855.5979377 ,5855.00241849,5855.69107369]	[0.32438129,0.84648608,0.22812579]	[0.10637361,0.01316119,0.14564739]	[ 1.06417063, 0.09049866,-0.74497737]	0.2212429999276253	0.5367898998346773	0.3429733885619347	0.4205567747773236
2016-06-12T06:12:33.957000	5926.779857437021	5927.739883337221	[5927.27987039,5927.00271129,5927.59126766]	[0.31846978,0.77042404,0.21721531]	[0.05990385,0.00414433,0.02824449]	[-0.29514304,-1.96005442, 0.38492831]	0.16865193778229298	0.310721229462131	0.14106277635908143	0.13728191993837102
2016-06-12T06:12:33.957000	5973.241110898761	5974.081133561436	[5973.6601085 ,5973.50111737]	[0.84826426,0.56471108]	[0.03483903,0.04541295]	[-0.05792004, 0.24351099]	0.12716965651375445	0.8526791181811413	0.1069393269165354	0.2320476220436448
2016-06-12T06:12:33.957000	5987.421493466292	5987.941507495566	[5987.70150048,5987.78150048]	[0.75733492,0.34293455]	[0.0289524 ,0.02617776]	[ 0.11532063,-0.84198141]	0.1440276661776472	0.824205418863281	0.06817769819724194	0.15167546862055864
2016-06-12T06:12:33.957000	5995.141701747062	5995.701716855513	[5995.42942843,5995.61514158,5995.37084334]	[0.79849229,0.21530342,0.11595317]	[0.02458167,0.01122393,0.05093952]	[ 0.20984067,-0.1503087 , 1.51736203]	0.08135625698122874	0.9003011172989022	0.11995340545440886	0.13940404660435232
2016-06-12T06:12:33.957000	6009.242082156244	6009.802097264694	[6009.5261052 ,6009.47308395]	[0.73017721,0.24013235]	[0.02218493,0.06736804]	[ 0.05954536,-0.1853239 ]	0.03362364882644771	0.9856097368720133	0.1586396049531744	0.11989550450721055
2016-06-12T06:12:33.957000	6020.502385944001	6021.382409685851	[6020.96239781,6020.80115867,6021.23091318]	[0.44206253,0.11857148,0.42255647]	[0.06240153,0.03715715,0.01081484]	[-0.19237888, 2.        ,-0.2610699 ]	0.1778228665357061	0.5653656270099694	0.1469443694726591	0.24555347970564156
2016-06-12T06:12:33.957000	6023.862476594699	6024.462492782323	[6024.15921286,6024.06248469,6024.18600811]	[0.57298245,0.09303666,0.32476007]	[0.01454062,0.0330504 ,0.06821424]	[0.09570014,1.99999752,0.57942874]	0.0721765213843818	0.9276273805640689	0.1606322480497134	0.15772445381415817
2016-06-12T06:12:33.957000	6027.382571562098	6028.422599620647	[6027.92258559]	[0.48370837]	[0.11487906]	[0.22359894]	0.18399773634257668	0.5474840088054673	0.27051951906961713	0.29608063441862137
2016-06-12T06:12:33.957000	6029.062616887446	6029.862638470946	[6029.74263469,6029.602632  ]	[0.02591212,0.06630622]	[0.08128303,0.05753945]	[-1.99679797, 1.99800785]	0.29793729980614925	0.0577132065575553	0.19140690076609732	0.07148937613031463
2016-06-12T06:12:33.957000	6029.702634154246	6030.302650341871	[6029.99258577,6029.84824103,6030.0711093 ]	[6.98825626e-01,5.54026907e-17,5.00518287e-01]	[0.01812401,0.45104773,0.02197222]	[-0.21881079, 0.13448494, 0.05336677]	0.23494103697378887	0.5576161738314088	1.0621362279015671	0.10659213233781681
2016-06-12T06:12:33.957000	6037.262838118318	6037.902855385117	[6037.56284675,6037.78920922]	[0.69482539,0.15633026]	[0.06050653,0.01092201]	[-0.17489953,-0.93582245]	0.10517654181312079	0.865985044766296	0.14248199140139434	0.1992952758580208
2016-06-12T06:12:33.957000	6045.883070680526	6046.80309550155	[6046.0030467 ,6046.15500134,6046.66310086]	[0.23032116,0.22631544,0.10005447]	[0.02006187,0.01380569,0.15224711]	[0.5310032 ,0.74094005,1.99998042]	0.1865932159053795	0.4197230659236084	0.35851455665495147	0.24738300087727377
2016-06-12T06:12:33.957000	6046.903098199487	6050.463194246061	[6047.10310435,6049.08315755,6047.9831268 ]	[0.0601889 ,0.28899052,0.39047844]	[0.06652059,0.37816383,0.15925797]	[ 0.51614317, 1.30618963,-0.02113871]	0.08470376134980002	0.902186383096435	0.8905077651930111	1.060414920211406
2016-06-12T06:12:33.957000	6050.783202879461	6051.66322662131	[6051.10321097]	[0.37886997]	[0.08185004]	[-0.74758778]	0.1966829565449067	0.48023305352433465	0.19274211338217964	0.17381863892683216
2016-06-12T06:12:33.957000	6056.623360439008	6057.783391735083	[6057.22337609]	[0.7512565]	[0.12061013]	[-0.0260453]	0.14951506647199986	0.7602438346917081	0.2840151445125205	0.4111427525098125
2016-06-12T06:12:33.957000	6058.103400368483	6058.703416556107	[6058.38340846,6058.50340353,6058.50340803]	[0.60882537,0.06093075,0.15364645]	[0.05708027,0.01092893,0.02993167]	[-0.3767369 ,-1.50984086,-1.81280321]	0.09317728172548502	0.8935062033760234	0.13441375951195322	0.2105129892564897
2016-06-12T06:12:33.957000	6058.3234063039445	6059.603440837544	[6058.98342334,6059.49735419,6059.32343382]	[3.30244337e-01,3.25293196e-18,1.03090140e-01]	[0.06656787,0.32744203,0.13973845]	[0.87679095,0.38606931,1.99995719]	0.14313534647340112	0.7357321661430685	0.7710670487860549	0.29662483423984765
2016-06-12T06:12:33.957000	6059.603440837544	6060.443463500218	[6060.18345703,6060.04345217,6059.86344731]	[0.37498997,0.22947026,0.17857547]	[0.03428324,0.05908703,0.05016238]	[-0.58434122, 1.48217927, 1.53507389]	0.14641482487685265	0.6981061948447419	0.1391393230250171	0.2772189731895294
2016-06-12T06:12:33.957000	6064.303567640604	6065.583602174203	[6064.92358493,6065.1235903 ]	[0.64153802,0.68913387]	[0.05872184,0.07732665]	[ 0.05282438,-0.18892657]	0.08890429010804092	0.9229083881515837	0.18209033604785785	0.3917492830566922
2016-06-12T06:12:33.957000	6069.7437144084015	6071.2637554170515	[6070.48373491]	[0.54341421]	[0.13365106]	[-0.25394399]	0.18838918135656763	0.5494485235144364	0.31472418361233423	0.3320704605147642
2016-06-12T06:12:33.957000	6081.484031146258	6082.084047333883	[6081.76403924]	[0.62919761]	[0.03950863]	[0.25415472]	0.273682742766082	0.4603190503916875	0.09303571703269602	0.11787645255855214
2016-06-12T06:12:33.957000	6083.864095357169	6085.544140682518	[6084.54411316,6084.68411802,6084.40410939]	[0.36782828,0.53954976,0.22920038]	[0.02319694,0.0576055 ,0.09055436]	[0.7676013,0.0226689,0.8810027]	0.14373451490044165	0.6331589647106115	0.21323921818734498	0.33864149633806623
2016-06-12T06:12:33.957000	6085.124129351181	6085.804147697157	[6085.42413691,6085.44413852,6085.57057795]	[0.13945472,0.15235924,0.4159772 ]	[0.0306321 ,0.03137347,0.02095472]	[-1.99713874, 1.99794187,-0.20013217]	0.1535235632536514	0.7236117785666052	0.07387887658891695	0.14942440227075748
2016-06-12T06:12:33.957000	6088.88423079363	6090.204266406404	[6089.5642486 ,6089.62905989]	[0.84712456,0.07336408]	[0.12535521,0.0805342 ]	[ 0.2094017,-2.       ]	0.038289109405708545	0.9873737551967973	0.2951889540916859	0.47612145043797977
2016-06-12T06:12:33.957000	6101.364567496224	6102.764605267348	[6101.60457343,6102.30459232]	[0.32584743,0.15059374]	[0.01580373,0.15032848]	[0.184532  ,1.90410934]	0.14662348376722115	0.6617545311255578	0.3539965103939352	0.31613763976395
2016-06-12T06:12:33.957000	6102.404595554773	6103.084613900748	[6102.72460473]	[0.51206611]	[0.07841391]	[0.29969666]	0.19039273591821426	0.5594560734975828	0.18465063701204562	0.200619547868634
2016-06-12T06:12:33.957000	6103.444623613323	6104.044639800947	[6103.73470626]	[0.59804251]	[0.05625854]	[0.06248918]	0.195197771775782	0.552415542534148	0.1324787315826729	0.16371645618364086
2016-06-12T06:12:33.957000	6105.584681349184	6106.584708328559	[6106.1005091 ,6106.24929798]	[0.38973406,0.38647101]	[0.03191127,0.07224536]	[ 0.68373351,-0.04972717]	0.17041630729484808	0.5547292009699971	0.17012482799914969	0.21149678371652847
2016-06-12T06:12:33.957000	6106.504706170209	6107.384729912058	[6106.96471804,6106.66907525]	[0.38136458,0.69006474]	[0.07205406,0.01448127]	[-0.26840816,-0.05561965]	0.13253584309348493	0.7161727175582806	0.16967435422468588	0.18597314839418647
2016-06-12T06:12:33.957000	6107.284727214121	6108.204752035145	[6107.49377001,6107.76473962]	[0.24141146,0.92146965]	[0.02307824,0.08563784]	[ 0.58441457,-0.24573136]	0.09029780590665294	0.9302777331323545	0.20166169780766566	0.3236778787060284
2016-06-12T06:12:33.957000	6108.284754193495	6111.004827577394	[6108.60968274,6109.48478603]	[0.1077297 ,0.10641848]	[0.33168634,0.12421757]	[-2.,-2.]	0.14085380952689433	0.7021654626685654	0.7810616399624718	0.7453873132137876
2016-06-12T06:12:33.957000	6110.024801137606	6110.584816246057	[6110.31091692,6110.47740496]	[0.67613504,0.56042831]	[0.01925369,0.02051422]	[ 0.14586222,-0.04297963]	0.20377088122785628	0.5965858579190038	0.04830730367130303	0.1422229065974768
2016-06-12T06:12:33.957000	6112.184859413056	6113.784902580055	[6112.88145541]	[0.7207242]	[0.16028611]	[-0.25375581]	0.08303956807017845	0.9139975537996733	0.3774449513171284	0.4934403013242634
2016-06-12T06:12:33.957000	6116.084964632616	6117.1649937703405	[6116.27206003,6116.6449792 ,6116.92498783]	[0.21581135,0.53966449,0.41256386]	[0.01956418,0.08048147,0.03810237]	[ 0.69865578, 0.44062437,-0.02890895]	0.09167062931542237	0.8300462995806376	0.1895193787119441	0.29211253707696566
2016-06-12T06:12:33.957000	6117.525003482915	6119.045044491565	[6118.16502021,6118.90957541,6118.60503316]	[0.53179628,0.41994541,0.36097071]	[0.1192987 ,0.01047356,0.08776296]	[-0.4910891 ,-0.32817742, 0.34711243]	0.14220936392318614	0.7228091626651545	0.28092697865483995	0.5429152112742641
2016-06-12T06:12:33.957000	6128.24529270181	6128.96531212696	[6128.48529567,6128.87681322,6128.7201088 ]	[0.16252237,0.14097926,0.40629958]	[0.06508317,0.01386955,0.01835065]	[-1.0180218 ,-1.98760889,-0.56742376]	0.24236774702865574	0.38272701412110943	0.1532591491768665	0.17119369062938936
2016-06-12T06:12:33.957000	6134.825470226095	6135.865498284644	[6135.0454767]	[0.19107661]	[0.24108752]	[-1.46230037]	0.20580559042183388	0.3766110266336836	0.5677177329237167	0.3823299774044603
2016-06-12T06:12:33.957000	6135.805496665882	6136.365511774331	[6136.07900782,6136.32264671,6136.03050648]	[0.66488934,0.11632139,0.15802468]	[0.01581603,0.01612863,0.02136378]	[-0.15137249, 2.        , 1.99429049]	0.29651417987151973	0.43104127593391417	0.05030785832985343	0.13727687110908218
2016-06-12T06:12:33.957000	6139.025583539467	6140.265616993893	[6139.66560027,6139.76560404]	[0.62800895,0.28153884]	[0.10743354,0.06298123]	[ 0.20655858,-0.89675019]	0.07139216709588606	0.9463359916140832	0.2529866446651966	0.3861018511579813
2016-06-12T06:12:33.957000	6142.705682823565	6143.385701169541	[6143.025692,6143.145692]	[0.77200252,0.13398577]	[0.07902984,0.03976371]	[-0.09785454,-1.30013927]	0.09743548190918133	0.8935296882341222	0.18610104228425098	0.26218647546939977
2016-06-12T06:12:33.957000	6140.365619691829	6144.285725450977	[6142.34567257,6140.63504428,6142.84568606]	[0.79861157,0.12407128,0.49339941]	[0.22718047,0.0094198 ,0.26371596]	[ 0.03270276, 0.14174481,-0.97886626]	0.05434597486450276	0.9769025537657637	0.6210036402143346	1.411192135714094
2016-06-12T06:12:33.957000	6144.74573786149	6145.8257669992145	[6145.30202463,6145.1199437 ,6145.48575837]	[0.5660991 ,0.03898176,0.55793889]	[0.06253495,0.04098317,0.0399025 ]	[ 0.29465842, 1.99888864,-0.03832365]	0.13067092755345014	0.7640659390848497	0.14725855252068612	0.29476038845003755
2016-06-12T06:12:33.957000	6149.505866283313	6152.625950458961	[6151.64592456]	[0.30867707]	[0.46062869]	[1.58875093]	0.05827094794517077	0.9656957292735331	1.0846976820892242	1.1324405439868943
2016-06-12T06:12:33.957000	6157.946093989233	6158.626112335208	[6158.30610316]	[0.58638286]	[0.07797058]	[0.60503575]	0.1413960913655369	0.7706919896656481	0.18360669461789966	0.21330945469477197
2016-06-12T06:12:33.957000	6161.226182481582	6162.026204065081	[6161.64619327]	[0.7712121]	[0.07787816]	[0.16528481]	0.060973562813081986	0.9550837537552813	0.18338905907176856	0.23683360320562508
2016-06-12T06:12:33.957000	6161.00617654612	6164.966283384442	[6163.68624986,6162.28252314,6162.74622295]	[0.42209977,0.00293413,0.24012409]	[1.85228806e-01,1.51372927e-04,2.09009854e-01]	[ 0.22542824,-0.75533541,-0.9544735 ]	0.1854183253694049	0.4719330100295529	0.49218059338703996	0.8038845244345038
2016-06-12T06:12:33.957000	6164.926282305268	6166.286318997217	[6166.04278871,6165.58701658,6165.78630613]	[0.14906786,0.61457244,0.25195077]	[0.02162624,0.06418513,0.04443043]	[ 0.48308231,-0.19707714,-1.29078619]	0.14741227134570992	0.7021741126007529	0.15114443463187935	0.2961405265019906
2016-06-12T06:12:33.957000	6167.046339501541	6168.766385906066	[6167.28634544,6167.9263627 ,6167.42635029]	[0.01918206,0.25777146,0.11991612]	[1.36457139,0.17951028,0.02162698]	[-2.        , 1.18546481,-1.99999979]	0.15018754851229663	0.5991404142865979	3.2133200599364065	0.4847338098299331
2016-06-12T06:12:33.957000	6168.686383747716	6171.766466844189	[6170.76643933,6169.92641823]	[0.0621407 ,0.23815845]	[0.22490608,0.32903556]	[-2.        ,-1.51620529]	0.10078413597451072	0.8320717398532542	0.7748195250512199	0.861802918915618
2016-06-12T06:12:33.957000	6174.006527277988	6174.726546703138	[6174.34653699,6174.46365065,6174.21346936]	[0.65171855,0.64929327,0.28085537]	[0.02629135,0.01912819,0.04138712]	[-0.37886103, 0.10322052, 0.58211873]	0.12454289752885551	0.7701998228989151	0.09745921150515414	0.1891809103006394
2016-06-12T06:12:33.957000	6176.626597963949	6177.426619547449	[6177.04273249,6177.09181052,6177.04507799]	[1.49947458e-01,1.36028888e-17,1.09280171e-01]	[0.01425182,4.0502296 ,0.10826915]	[1.99999998,1.95242637,2.        ]	0.24127443785284017	0.4816309065314299	9.537561851892365	0.18897436998221762
2016-06-12T06:12:33.957000	6184.946822432345	6185.9068483325445	[6185.68684186,6185.5946902 ,6185.30683161]	[0.55112153,0.44665223,0.16691847]	[0.02966608,0.01744671,0.09989709]	[-0.17310076, 0.16100717,-2.        ]	0.104315378213809	0.8718029701997692	0.23523965855807447	0.2984806760088585
2016-06-12T06:12:33.957000	6188.546919558094	6189.626948695818	[6189.06693657,6189.50694826]	[0.495154 ,0.2946413]	[0.11306942,0.02120648]	[ 0.12387741,-0.08406185]	0.1786966347123406	0.46868078882888276	0.2662581308072094	0.32345613311682614
2016-06-12T06:12:33.957000	6194.087069023828	6194.967092765678	[6194.54708089,6194.45622277]	[0.77965165,0.11026238]	[0.07184432,0.06709226]	[0.29160222,2.        ]	0.0473991680937086	0.9790541223000608	0.16918044483089428	0.304551886830755
2016-06-12T06:12:33.957000	6195.227099780315	6196.187125680515	[6195.72711273,6195.78562049]	[0.42477095,0.68103864]	[0.0959053 ,0.06800875]	[ 0.90964782,-0.07907451]	0.018621602110235842	0.9974663134464312	0.22583971636441366	0.36110826260582146
2016-06-12T06:12:33.957000	6198.107177480914	6199.227207697813	[6198.68719259]	[0.52555667]	[0.12768915]	[0.30137773]	0.13383365396815367	0.6865434402700776	0.30068496763669517	0.32708876585003
2016-06-12T06:12:33.957000	6201.207261116974	6204.407347450973	[6202.42729349,6202.82730428]	[0.52231483,0.40529413]	[0.255081  ,0.22307831]	[-0.38472757,-0.91718789]	0.04582276424355511	0.9803099408084195	0.6006698440125009	0.9981551600202169
2016-06-12T06:12:33.957000	6210.147502312582	6212.507565983907	[6211.08752713,6210.66751688]	[0.13517818,0.14404364]	[0.20365506,0.16352343]	[-2.        , 0.64924686]	0.1250862759768846	0.6824594518526014	0.4795710217233835	0.5037000086217107
2016-06-12T06:12:33.957000	6213.587595121631	6214.14761023008	[6213.88760268,6214.04760807,6213.64686872]	[0.35427081,0.12152803,0.2626615 ]	[0.04452035,0.0663436 ,0.00930303]	[0.81688192,1.99996633,0.3778338 ]	0.13770054109878327	0.7986286753771974	0.15622723986271284	0.21108439932499526
2016-06-12T06:12:33.957000	6214.94763181358	6215.82765555543	[6215.08763505,6215.64119402]	[0.07409898,0.54707525]	[0.19791957,0.02003387]	[-1.99999634,-0.26719458]	0.2055529178158693	0.43762748745446867	0.4660649796341657	0.2485992964028831
2016-06-12T06:12:33.957000	6222.827844411051	6223.787870311251	[6223.32785735]	[0.83864237]	[0.11128635]	[0.10678796]	0.09536520909783257	0.9105840151361189	0.26205932059807685	0.3789057879751398
2016-06-12T06:12:33.957000	6224.3078843405265	6225.1479070032	[6224.74592887,6224.9279004 ]	[0.61182718,0.32688889]	[0.03966879,0.02442106]	[0.33337494,1.39128609]	0.20658313979497464	0.5622112595768121	0.09341286781010526	0.17675533548368522
2016-06-12T06:12:33.957000	6225.247909701138	6226.407940997212	[6225.84792535,6225.94792805]	[0.75406739,0.10284174]	[0.05547899,0.09033984]	[-0.05988063,-1.8691457 ]	0.13864351305046194	0.7942467028593316	0.2127340763535605	0.27711621205843145
2016-06-12T06:12:33.957000	6232.968117981909	6234.808167623959	[6233.8681428 ,6233.72813795]	[0.62962804,0.37966317]	[0.11469305,0.14523402]	[-0.16879931, 0.76992381]	0.05796107625544259	0.9652174080279535	0.34199999277224324	0.5528296239636151
2016-06-12T06:12:33.957000	6236.028200538794	6236.908224280644	[6236.48821241,6236.24820593]	[0.15073401,0.13466953]	[0.02973648,0.16977398]	[ 1.09233479,-2.        ]	0.11119829385674573	0.8274937985325578	0.3997871678453124	0.29066965396814454
2016-06-12T06:12:33.957000	6243.288396409054	6245.288450367803	[6244.24842177]	[0.46289324]	[0.23374722]	[0.12921745]	0.1776605844965797	0.5083294160078983	0.5504326329027356	0.5649670585933914
2016-06-12T06:12:33.957000	6244.728435259354	6245.288450367803	[6245.02844281]	[0.4217389]	[0.07184313]	[0.08944628]	0.2337346737711033	0.36434367594160433	0.1691776360901044	0.1512403917766218
2016-06-12T06:12:33.957000	6249.948576091688	6251.188609546113	[6250.54859282]	[0.61359285]	[0.15102158]	[-0.10743187]	0.09366774447064136	0.8528290263798952	0.3556286432493539	0.3921507743658404
2016-06-12T06:12:33.957000	6252.9686575693995	6253.528672677849	[6253.26866512,6253.34866512]	[0.71077808,0.12668289]	[0.04311252,0.02575776]	[ 0.38254621,-2.        ]	0.22023546785364168	0.6574131756981827	0.101522228322776	0.164324176226256
2016-06-12T06:12:33.957000	6258.888817287297	6259.928845345847	[6259.39490887,6259.11156315,6259.72610303]	[0.61419241,0.01425963,0.27997974]	[6.57584369e-02,7.33268427e-05,3.06086614e-02]	[-0.3834268 ,-1.44886974, 0.14387751]	0.12205880035437669	0.7681395307696486	0.15484928541880308	0.22923362145841977
2016-06-12T06:12:33.957000	6268.2090687350665	6270.9291421189655	[6269.46910219,6270.42912809]	[0.90887874,0.24848789]	[0.26646598,0.04412965]	[-0.01833648, 0.53824249]	0.043006110706964897	0.9820436405984745	0.6274794365178691	0.9581907812466389
2016-06-12T06:12:33.957000	6283.269475044447	6283.829490152897	[6283.55077104,6283.41122892,6283.57630812]	[0.68348459,0.43954057,0.38295838]	[0.03532189,0.0230559 ,0.05516535]	[ 0.35614554,-0.20072932,-1.09925858]	0.03846751364837867	0.9866235832285629	0.1299044812993791	0.2516917709467577
2016-06-12T06:12:33.957000	6338.330960528808	6338.970977795608	[6338.66980388,6338.55096592]	[0.32389298,0.4027012 ]	[0.01881867,0.06083753]	[ 1.09697149,-0.01015722]	0.08950916048062679	0.8684682390560259	0.14326143667795047	0.14350574105470257
2016-06-12T06:12:33.957000	6352.131332844176	6353.011356586026	[6352.59134099,6352.3913404 ,6352.94858337]	[0.42473914,0.437173  ,0.47066684]	[0.02391356,0.05743141,0.01578934]	[ 0.08944213,-0.07207365, 0.42608609]	0.1853382538831728	0.523169416117578	0.13524063951552331	0.24845489819880295
2016-06-12T06:12:33.957000	6352.5713447151	6353.29136414025	[6352.91135443,6353.06850183]	[0.27132789,0.40750887]	[0.02555959,0.03392598]	[-1.61216152,-0.29115611]	0.25261063309513065	0.4546397654728148	0.07988957223101004	0.13434954717401312
2016-06-12T06:12:33.957000	6366.4117181096435	6367.651751564068	[6367.05173484,6367.43174617,6367.13173484]	[0.81231237,0.04858737,0.04245952]	[0.10722532,0.07105744,0.05040881]	[ 0.28799186, 1.99985372,-1.99984505]	0.054158703344889696	0.9702647294359008	0.25249634173434354	0.41861116001231485
2016-06-12T06:12:33.957000	6375.0319506718515	6376.271984126277	[6375.63731506,6375.85197226,6375.41196152]	[0.80993325,0.3609252 ,0.23538216]	[0.06747223,0.09857775,0.02309282]	[ 0.15783248,-0.22133264, 0.03758295]	0.04722817346193508	0.9762355504446627	0.23213285687633956	0.3850777192673085
2016-06-12T06:12:33.957000	6378.4720434809005	6379.792079093675	[6379.1248091 ,6378.91205589,6379.17533828]	[0.02208508,0.75873727,0.68433333]	[0.1407618 ,0.08726327,0.06203741]	[-1.9936991 ,-0.00491899, 0.29375121]	0.035589064068616366	0.9895940631099241	0.3314686999894635	0.45946804345543174
2016-06-12T06:12:33.957000	6384.492205896735	6385.0922220843595	[6384.81221399,6384.80597569]	[0.26831424,0.11246689]	[0.02550582,0.0470357 ]	[ 1.47548239,-1.99999997]	0.15627591860574278	0.6095787540252933	0.11076061280005431	0.12918549863900874
2016-06-12T06:12:33.957000	6394.632479467593	6398.032571197466	[6394.96932337,6397.85256688,6397.11254692]	[0.01653073,0.06496938,0.1346204 ]	[0.00257824,0.32490331,0.35158234]	[-0.19336851, 1.99989065, 1.99999776]	0.1399461217604776	0.7662630423550791	0.8279131348651799	0.9466669659897846
2016-06-12T06:12:33.957000	6409.232873366461	6410.392904662535	[6410.18798386,6409.79288901,6409.99289333]	[0.03708422,0.53586309,0.41198575]	[0.00168738,0.0619226 ,0.03256552]	[-1.99666683,-0.13554433, 0.03973752]	0.1492149339622956	0.6623843198100157	0.14581657993689717	0.22960426622370636
2016-06-12T06:12:33.957000	6411.412932181497	6415.93305412827	[6414.11300448]	[0.34298566]	[0.42652501]	[1.02760723]	0.11178500407815628	0.7681782977500347	1.0043896340225418	0.8805143814060254
2016-06-12T06:12:33.957000	6416.193061142908	6416.753076251357	[6416.45306899,6416.27524633,6416.5715917 ]	[0.89617208,0.06575022,0.28110295]	[0.02743483,0.00202639,0.04327248]	[ 0.1436715 , 1.17721179,-0.083401  ]	0.10223460437528727	0.8909646601554128	0.10189891224660368	0.15298512577738083
2016-06-12T06:12:33.957000	6417.993109705781	6418.553124814231	[6418.26079844]	[0.9868561]	[0.00446828]	[-0.68460691]	0.5190819592400332	-0.19301534626247907	0.010521992042816373	0.01884791386607398
2016-06-12T06:12:33.957000	6425.073300719752	6426.033326619952	[6425.53331367]	[0.17985627]	[0.04549375]	[-0.52024876]	0.18463033500844594	0.3064789947041273	0.10712960410022078	0.04677592301964646
2016-06-12T06:12:33.957000	6438.433661164197	6440.15370756872	[6439.96320158,6439.27368437]	[0.08781471,0.68035892]	[0.01044342,0.18906184]	[-0.43830545,-0.17499274]	0.130731008036218	0.7992148057490407	0.4452066069142915	0.5369122873588186
2016-06-12T06:12:33.957000	6444.53382573838	6445.6138548761055	[6445.05384031,6444.9824982 ]	[0.21011928,0.80097529]	[0.03256467,0.07655638]	[-1.15244158, 0.14797418]	0.06945784638579511	0.9533507849907944	0.18027650103269724	0.2988258528820828
2016-06-12T06:12:33.957000	6448.453931497528	6449.093948764328	[6448.75394013]	[0.6478061]	[0.04143175]	[-0.16963017]	0.26359626275927484	0.4450870232815626	0.09756431076051192	0.12289821479605849
2016-06-12T06:12:33.957000	6448.873942828866	6449.473959016491	[6449.15395092,6449.11394876]	[0.61640912,0.16978319]	[0.06085711,0.04388878]	[-0.28526353, 1.71498918]	0.10146905947036361	0.8870143648361114	0.1433075505696831	0.23298740195368495
2016-06-12T06:12:33.957000	6466.154409032457	6466.754425220082	[6466.43441713,6466.45381935]	[0.54177538,0.5074761 ]	[0.07336865,0.01867935]	[0.2034387 ,0.04644819]	0.06429160031921634	0.9551870289025591	0.17276996477448922	0.18040160267347272
2016-06-12T06:12:33.957000	6491.335088373107	6492.055107798257	[6491.71509809]	[0.78611708]	[0.07416656]	[-0.07181864]	0.08660238641207607	0.9110647957964433	0.17464891188786505	0.23852671943672207
2016-06-12T06:12:33.957000	6549.33665317683	6549.936669364454	[6549.79999517]	[0.30667828]	[0.00558929]	[-0.76267712]	0.5417241540029266	-0.6060559812120068	0.013161777445601399	0.0056138396898727455
2016-06-12T06:12:33.957000	6591.117780375097	6591.637794404372	[6591.39778739,6591.36656273]	[0.67806978,0.14357499]	[0.03046302,0.05024713]	[-0.03686805, 1.9854815 ]	0.14392933699895735	0.8020212557765243	0.11832293768422798	0.16975613333255812
2016-06-12T06:12:33.957000	6596.717931459594	6597.717958438969	[6597.23794495,6597.01793901]	[0.51310953,0.61599167]	[0.04974824,0.04667419]	[0.98966324,0.22471558]	0.11798961286607997	0.8696186353579864	0.11714815176942009	0.25434936958196513
2016-06-12T06:12:33.957000	6597.997965993193	6598.597982180818	[6598.27797409,6598.46526942,6598.11796977]	[0.75837371,0.34902705,0.25882481]	[0.06014404,0.01476729,0.01829115]	[ 0.01014215,-0.12430431, 0.45379959]	0.11497532312490666	0.8427634333040653	0.14162839771708063	0.2448293450123798
2016-06-12T06:12:33.957000	6606.478194778289	6607.5182228368385	[6606.97820881]	[0.41124109]	[0.0212255]	[-0.79891181]	0.21904722026676823	0.20798921607577237	0.04998224377963819	0.05425665653900927
2016-06-12T06:12:33.957000	6610.5583048541375	6611.078318883411	[6610.79831187,6610.91831187]	[0.27927314,0.79281118]	[0.02388506,0.02975117]	[-1.69671211,-0.23801269]	0.28499104258373553	0.6284072700949341	0.0700586555957037	0.16852707215150015
2016-06-12T06:12:33.957000	6612.138347481548	6614.458410073697	[6613.27837878,6613.57838688,6612.95837014]	[0.83816774,0.02713505,0.29467972]	[0.2298732 ,0.07251074,0.04885346]	[-0.1029416 ,-2.        , 0.10955354]	0.04177595959468226	0.9839410554616543	0.541310019373627	0.7931863622191665
2016-06-12T06:12:33.957000	6615.278432196785	6615.998451621934	[6615.62338605,6615.45843759,6615.59057259]	[0.16621106,0.24590182,0.16423441]	[0.07221835,0.035266  ,0.02687054]	[-1.99999998, 0.13318065,-2.        ]	0.12442288541984461	0.8573800967238865	0.1700612221004035	0.21732805716913411
2016-06-12T06:12:33.957000	6621.998613498181	6623.038641556731	[6622.97083714,6622.53862753]	[0.31485249,0.63319746]	[0.01137955,0.06650118]	[-0.04021835, 0.3491652 ]	0.13467382901630584	0.7582378893311422	0.15659830054468205	0.22758688517467243
2016-06-12T06:12:33.957000	6623.158644794255	6623.678658823531	[6623.43865181]	[0.26387852]	[0.07410366]	[1.2559496]	0.21559519498429974	0.5074076112396875	0.17450078756398094	0.1484287184414057
2016-06-12T06:12:33.957000	6625.238700911355	6625.838717098979	[6625.55820111,6625.33129057,6625.73872093]	[5.42384901e-01,2.08597995e-04,3.12393920e-01]	[0.04009843,0.09143725,0.01359455]	[0.44758439,0.22208661,0.10047638]	0.18772612418745718	0.5779273822678272	0.21531825990521927	0.13808062813318153
2016-06-12T06:12:33.957000	6627.9587742952535	6628.558790482878	[6628.27562536,6628.47796425,6628.34411774]	[0.86625524,0.10337482,0.48756845]	[0.03059417,0.00848471,0.01861135]	[ 0.15957518,-0.30641212,-0.41375724]	0.1370493338712964	0.8648734632624576	0.07204376285761757	0.14592928000200525
2016-06-12T06:12:33.957000	6630.098832031115	6630.738849297915	[6630.43884066,6630.64071237]	[0.59866014,0.99998815]	[0.03216041,0.00467221]	[ 0.08862586,-1.95035736]	0.1993694646291372	0.6210982352896718	0.07573197622184127	0.13016125552432617
2016-06-12T06:12:33.957000	6630.85885253544	6631.778877356464	[6631.33886495,6631.45886818]	[0.42883146,0.47283447]	[0.0574511 ,0.07696092]	[ 0.60645617,-0.330212  ]	0.11267239419254957	0.8618936928397496	0.18122911934988092	0.3106028081871212
2016-06-12T06:12:33.957000	6632.078885450276	6632.798904875426	[6632.45889516,6632.25888977,6632.40896069]	[0.06643873,0.09596283,0.70808095]	[0.05197244,0.03078611,0.03244543]	[-1.99995437, 1.53767183,-0.49545921]	0.08826762671756735	0.8956424785369821	0.12238575520675803	0.1695667009986235
2016-06-12T06:12:33.957000	6633.558925379751	6634.158941567375	[6633.86293023]	[0.42197253]	[0.0113575]	[0.10405169]	0.7257046700587383	-0.17304181526657958	0.0267448661710941	0.02734449988809931
2016-06-12T06:12:33.957000	6642.73917305041	6643.459192475559	[6643.09128634,6642.83917521,6643.10778179]	[0.59926887,0.04913633,0.59323849]	[0.02993074,0.01884845,0.009058  ]	[ 0.69926242, 1.46615093,-0.34330568]	0.13946671509952172	0.8005555237403141	0.07048151072495426	0.11457106944845986
2016-06-12T06:12:33.957000	6645.059235642558	6646.659278809557	[6646.25926856]	[0.09179756]	[0.30301087]	[2.]	0.18294168374408967	0.4727249552347098	0.7135360789361406	0.41981729606679075
2016-06-12T06:12:33.957000	6643.499193554733	6644.699225929983	[6644.0879953 ,6644.35921737]	[0.86052767,0.14460862]	[0.01957595,0.09468462]	[-0.13891107, 0.20985858]	0.14353470171120591	0.6179004968340349	0.2229652382451667	0.12368477571587128
2016-06-12T06:12:33.957000	6653.95947575899	6655.279511371766	[6654.21936781,6654.63529482]	[0.10284092,0.37279668]	[0.13868083,0.05400905]	[-0.25668975, 0.71199134]	0.238575082084791	0.30240540139016336	0.32656840042774893	0.17560615089185527
2016-06-12T06:12:33.957000	4659.405793807514	4659.965808998423	[4659.68648713,4659.67215628,4659.61965472]	[0.45623396,0.12010237,0.11091176]	[0.00188673,0.01339695,0.02629768]	[1.27429723,2.        ,1.99999999]	0.19037217431503076	0.49954655097945067	0.061926306728429505	0.08640835315719222
2016-06-12T06:12:33.957000	4667.106002682511	4669.86607755199	[4669.54606941,4668.46604012]	[0.04088373,0.63464736]	[0.17812779,0.25003303]	[ 2.        ,-0.11420898]	0.10090745507160911	0.8242024888915207	0.5887827843328297	0.8354375893828317
2016-06-12T06:12:33.957000	4682.266413922115	4683.626450814322	[4682.7464264 ,4683.38644376,4682.54642098]	[0.1618765 ,0.02146182,0.13888528]	[0.14128464,0.21190451,0.10136066]	[-2.        ,-1.99147354,-1.60001065]	0.12493839260549537	0.7853281051546565	0.4989969972026722	0.4614976699341411
2016-06-12T06:12:33.957000	4688.226575596788	4689.266603808476	[4688.7665897 ,4688.63113679]	[0.46506618,0.43569139]	[0.05856941,0.01597162]	[-0.2253809 , 0.31546134]	0.27041253136648663	0.3875957659103879	0.1379204110025421	0.18751767226056532
2016-06-12T06:12:33.957000	4689.026597298086	4689.586612488995	[4689.30105416]	[0.53605552]	[0.06917648]	[-0.08004619]	0.2421306511055939	0.44296377786916785	0.162898172562325	0.18827736654545324
2016-06-12T06:12:33.957000	4697.746833842239	4700.266902201329	[4699.02686802,4698.58685609]	[0.87366664,0.44357977]	[0.20976664,0.14428102]	[-0.03379892, 0.12274153]	0.031126626522670425	0.992270946420013	0.493962700419141	0.9351620984642062
2016-06-12T06:12:33.957000	4734.307825591575	4736.667889610406	[4736.06787388,4735.4678576 ]	[0.3898773 ,0.78286874]	[0.15686529,0.18691418]	[0.68988159,0.16380213]	0.0650454609585212	0.9602133003580762	0.4401492590958683	0.8802879354205915
2016-06-12T06:12:33.957000	4761.628566690915	4763.388614433771	[4763.12899293]	[0.1061762]	[0.32505781]	[2.]	0.17902185634053186	0.486605431287932	0.7654526399187154	0.4442720443410259
2016-06-12T06:12:33.957000	4763.908628539615	4765.068660006498	[4764.50831224,4764.90865711]	[0.46975192,0.26606892]	[0.04709129,0.02463717]	[0.18569467,0.12010902]	0.17333145349585752	0.46480339942099447	0.11089150815075234	0.15679079431393517
2016-06-12T06:12:33.957000	4777.649001259415	4781.849115191232	[4780.6090821 ,4779.72905823]	[0.02071703,0.70162081]	[0.20618278,0.41108725]	[-1.84621294, 0.41433476]	0.06254629230836942	0.9514957662803403	0.9680364911969841	1.2850078339906408
2016-06-12T06:12:33.957000	4885.811935274957	4888.292002548982	[4887.71198736]	[0.061935]	[0.30648356]	[1.99918538]	0.198453224596247	0.24330605631914615	0.7217136244480615	0.2581230188985006
2016-06-12T06:12:33.957000	4961.233981164862	4962.074003951226	[4961.63399256]	[0.43330645]	[0.09879774]	[0.03791679]	0.15896168978755176	0.47259562579189873	0.23265089769727365	0.18590428198564446
2016-06-12T06:12:33.957000	4961.473987675252	4965.954109202523	[4963.71405604,4965.2740913 ]	[0.71052477,0.12684091]	[0.16323006,0.45346629]	[0.18339325,2.        ]	0.0771936946878398	0.9289071880613713	1.0678315107854313	1.1673633599849542
2016-06-12T06:12:33.957000	4967.254144467132	4970.174223676872	[4968.85418841]	[0.53714409]	[0.22343116]	[0.1440852]	0.14711390723653958	0.6530116910340995	0.5261401628177628	0.600244588500005
2016-06-12T06:12:33.957000	4974.1543316408315	4975.354364192779	[4974.37759001,4974.49235415,4975.0543566 ]	[0.25753086,0.63968458,0.06673505]	[0.02017856,0.01317592,0.19575108]	[-1.07233315, 0.25713611, 2.        ]	0.1965719039899838	0.40465640613629406	0.46095856276601177	0.2454171554471003
2016-06-12T06:12:33.957000	4978.6344531681025	4979.99449006031	[4979.13446727]	[0.27294267]	[0.21039833]	[-1.21369206]	0.14986879467097566	0.6303619020083817	0.4954502130377332	0.38237204687185233
2016-06-12T06:12:33.957000	4981.674535633036	4982.234550823945	[4981.96753525,4982.0545454 ,4981.85454323]	[0.73180414,0.5624661 ,0.44564684]	[0.01263977,0.02964271,0.01840153]	[ 0.4686007 ,-0.64028843, 0.54809969]	0.17442481309660898	0.7302491529101509	0.06980324327346517	0.16388736635465867
2016-06-12T06:12:33.957000	4984.0546001943985	4985.054627321022	[4984.57461376]	[0.6728566]	[0.11963903]	[-0.00689899]	0.09076994130328868	0.8689545414287034	0.2817283791119981	0.3161461912493251
2016-06-12T06:12:33.957000	4985.834648479788	4988.514721179137	[4987.63469677]	[0.34656089]	[0.42216077]	[1.07883877]	0.11639335749577798	0.7897448638888305	0.9941126540808443	0.8935686685928002
2016-06-12T06:12:33.957000	5025.53572540672	5028.8958165521735	[5027.03576664]	[0.52145637]	[0.24453022]	[0.17491897]	0.22311355393072152	0.442875827032855	0.5758246653300797	0.6628369740324034
2016-06-12T06:12:33.957000	5169.879640863483	5170.519658224521	[5170.17964954]	[0.55268107]	[0.06483244]	[-0.64385254]	0.12411747742901816	0.8085365705013698	0.1526687235065628	0.1728949238818137
2016-06-12T06:12:33.957000	5174.9797792092595	5176.379817186531	[5175.6597982]	[0.67850982]	[0.1496443]	[-0.23830731]	0.1072333892154837	0.8589592213350005	0.35238539515430434	0.4435350915655551
2016-06-12T06:12:33.957000	5217.160923410217	5218.040947281645	[5217.50093209,5217.58093535,5217.32203315]	[0.15919364,0.53323768,0.41328819]	[0.01831781,0.08272547,0.00939317]	[ 1.54996136,-0.41137389,-0.44110997]	0.1334718100011837	0.76247172631301	0.19480358767385714	0.24073158172593634
2016-06-12T06:12:33.957000	5233.921378052418	5237.3214702829355	[5237.00628241,5236.40144587,5235.04140789]	[0.35543181,0.16323078,0.25533665]	[0.00411764,0.52683997,0.15449959]	[-1.06639352, 2.        ,-0.02577154]	0.0838228915881878	0.913017006060844	1.2406133191846256	1.11273970161286
2016-06-12T06:12:33.957000	5246.141709539751	5247.461745346893	[5246.70172419]	[0.34214543]	[0.09298427]	[-0.08363027]	0.23541588202187272	0.24190562559350015	0.21896121931195212	0.19998928467478921
2016-06-12T06:12:33.957000	5251.521855480982	5252.201873927086	[5251.86816956,5251.64498188]	[0.20055394,0.76322421]	[0.02719898,0.01093571]	[ 0.35860224,-0.08159551]	0.2057150818650058	0.4008131456265046	0.06404869402478289	0.07101736523645903
2016-06-12T06:12:33.957000	5251.42185276832	5263.102169607276	[5257.80202529,5254.64194066]	[0.57953763,0.07567441]	[1.22174878,0.30747842]	[ 0.04387894,-2.        ]	0.12398557842906864	0.7747758428641863	2.8769985057499166	3.2177667189122268
2016-06-12T06:12:33.957000	5261.762133257601	5262.602156043965	[5262.0821472 ,5262.20211696,5261.92213814]	[0.16808389,0.24616634,0.50489695]	[0.06797076,0.09822654,0.02428496]	[-0.77490559,-0.81572582,-0.30755736]	0.16930796479262408	0.5729961285723877	0.23130582483988457	0.3087398863897582
2016-06-12T06:12:33.957000	5284.522750659541	5285.042764765385	[5284.77672382,5284.82054436,5284.72748966]	[0.7035903 ,0.11046579,0.62640526]	[0.01472117,0.01121854,0.00889815]	[-0.5439517 ,-1.982332  ,-0.11532931]	0.08583373602835294	0.8874736337905121	0.03466571576895016	0.0877889659801695
2016-06-12T06:12:33.957000	5297.263096252717	5298.223122294276	[5298.02311741,5297.80311144]	[0.04613652,0.10446291]	[0.08987338,0.06222288]	[2.,2.]	0.23524977365227015	0.3219864610436325	0.2116356448797331	0.14962473692676828
2016-06-12T06:12:33.957000	5299.523157558885	5300.443182515379	[5299.96337774,5300.08317004]	[0.70502902,0.46883512]	[0.02295297,0.07369019]	[ 0.1952464,-0.2731711]	0.12199435703084816	0.8401007419494463	0.1735271306497798	0.2164415415127002
2016-06-12T06:12:33.957000	5340.904280058545	5343.544351672829	[5343.12434082,5342.1243137 ,5342.32431912]	[0.00435441,0.2930865 ,0.16154489]	[0.08824155,0.24396922,0.26863835]	[ 2.        ,-1.47106464, 1.99999826]	0.05366859028380516	0.9747907430041142	0.6325949617642126	1.0018175976021746
2016-06-12T06:12:33.957000	5357.004716797175	5359.924796006913	[5358.76476508,5359.2447781 ]	[0.12830224,0.3222601 ]	[0.22514098,0.25386602]	[2.        ,1.01673861]	0.11305844126167802	0.8534351828346934	0.5978087961070465	0.8691774227002677
2016-06-12T06:12:33.957000	5361.084827473796	5365.6849522562625	[5364.04490831]	[0.39065144]	[0.57716055]	[1.16743495]	0.06814795429393405	0.9379864866827512	1.3591092321174882	1.3966058820802405
2016-06-12T06:12:33.957000	5403.205970047156	5405.446030810792	[5404.26599826]	[0.79948697]	[0.23090279]	[-0.13489618]	0.06574080019798956	0.9534845280687607	0.5437345295993447	0.7545238602051703
2016-06-12T06:12:33.957000	5489.548312159785	5490.708343626668	[5490.14354351,5490.04832627]	[0.97927916,0.38724741]	[0.00444266,0.10936734]	[ 1.63030263,-0.37008423]	0.07421874040479444	0.8497278828561521	0.25754041586706783	0.19631622778943902
2016-06-12T06:12:33.957000	5493.2084114432255	5494.328441825043	[5493.74842663,5493.84001042]	[0.85125314,0.10642035]	[0.08056245,0.09391908]	[-0.21930792,-1.99999997]	0.040261686344324345	0.9854880818289838	0.22116252066742256	0.3727454297528773
2016-06-12T06:12:33.957000	5494.348442367575	5496.90851181173	[5495.64847709,5495.36846949]	[0.57064123,0.13782916]	[0.15667888,0.20830232]	[0.06614038,1.42094222]	0.09406274501022498	0.8596029557903831	0.49051447548323096	0.6428486729042361
2016-06-12T06:12:33.957000	5503.288684879584	5504.5687196016615	[5504.06870658]	[0.58100358]	[0.12333518]	[0.48967151]	0.12181972661876023	0.8123889660333032	0.2904321520926465	0.3260871359205539
2016-06-12T06:12:33.957000	5505.488744558155	5506.368768429584	[5505.90875649]	[0.60229754]	[0.10306203]	[0.07090628]	0.11494780501792348	0.795587932822478	0.24269252682146794	0.2675225705294586
2016-06-12T06:12:33.957000	5507.288793386077	5508.12881617244	[5508.08881437,5507.82880749,5507.68880478]	[0.09196541,0.33614895,0.53470478]	[0.21462157,0.01885167,0.06430617]	[ 1.21041282,-0.22512161, 0.13903489]	0.12894564651491686	0.7749825902724607	0.5053951686203914	0.3051867039156814
2016-06-12T06:12:33.957000	5511.648911658153	5512.968947465295	[5512.28892956,5512.6289377 ]	[0.69747517,0.59308028]	[0.08538927,0.0675453 ]	[-0.45344728, 0.45768336]	0.06904979567465928	0.9550527849630462	0.201076371007033	0.435696332349248
2016-06-12T06:12:33.957000	5534.129521464638	5536.3695822282725	[5534.88954262,5535.3895551 ]	[0.36085277,0.59092047]	[0.15982899,0.18752645]	[0.45776997,0.22088607]	0.09071803468203588	0.8865307871536353	0.4415910501354961	0.8004089963984748
2016-06-12T06:12:33.957000	5537.189604472103	5538.0296272584665	[5537.58961587]	[0.5668753]	[0.0456897]	[0.16635202]	0.2682783160742163	0.3787880324030771	0.10759102357065677	0.12191021678661741
2016-06-12T06:12:33.957000	5540.729700500349	5542.2097406477515	[5542.00973468,5541.48972057]	[0.11737321,0.44632738]	[0.21081993,0.1201734 ]	[1.75936058,0.32868424]	0.09338875153871005	0.883511199372796	0.4964429971599554	0.49107369540226575
2016-06-12T06:12:33.957000	5543.489775369829	5545.609832878269	[5544.56980412,5544.60980629]	[0.76085982,0.15214817]	[0.0796722,0.2178415]	[-0.01710562,-2.        ]	0.07035548753445052	0.9545623572363077	0.5129775319219853	0.6161805010812088
2016-06-12T06:12:33.957000	5545.709835590931	5546.949869227944	[5546.30985241,5546.10984698]	[0.64988484,0.32922028]	[0.09921456,0.06505667]	[0.05724379,0.65013588]	0.11287698377369543	0.8396664116718999	0.233632425913858	0.39369087824620563
2016-06-12T06:12:33.957000	5552.910030902617	5554.190065624694	[5553.73005369]	[0.45092966]	[0.19334509]	[0.67942137]	0.1405169938997606	0.713263690335765	0.455292890810364	0.46387493978849703
2016-06-12T06:12:33.957000	5555.1300911237195	5556.890138866576	[5556.54863981,5556.030115  ]	[0.12060014,0.21879436]	[0.31897405,0.07490086]	[2.        ,0.73642396]	0.09132591643503156	0.8687958136657283	0.7511264874271116	0.4977452772340589
2016-06-12T06:12:33.957000	5559.470208853263	5560.6702414052115	[5560.06860854]	[0.68233172]	[0.0110361]	[0.482565]	0.23433246621179446	0.1719602412000687	0.025988034370769058	0.04609440498075632
2016-06-12T06:12:33.957000	5579.990765491568	5580.910790448061	[5580.21077082,5580.43077797,5580.59078123]	[0.29410036,0.59031502,0.41829443]	[0.01516755,0.02748696,0.05611382]	[ 0.9223244 ,-0.07451126,-0.48026809]	0.1419428163714161	0.676676737786696	0.1321379597412245	0.21522136616770526
2016-06-12T06:12:33.957000	5593.551133328576	5595.191177816237	[5594.39115556]	[0.6601739]	[0.1588777]	[0.30484085]	0.0849661754783541	0.8908321385904835	0.3741283887111099	0.4307698732871897
2016-06-12T06:12:33.957000	5599.111284152599	5600.3913188746765	[5599.63129893]	[0.28896724]	[0.04891399]	[-0.3432386]	2.222564962807492	-0.10041099047578039	0.11518364222973143	0.07801305868684995
2016-06-12T06:12:33.957000	5598.39126462143	5602.391373127922	[5599.27127114,5599.73130228,5601.1313395 ]	[0.06564742,0.38498506,0.13435152]	[0.13214021,0.05661524,0.26791465]	[-1.58670992, 0.44388546, 1.95293743]	0.6087856694411594	0.09425235197603021	0.630890782033339	0.7084080987094524
2015-06-26T02:21:18.577000	6713.3024844758365	6714.145279578682	[6713.70388203,6714.02481373,6713.62388203]	[0.81973787,0.009405  ,0.14243862]	[0.04840089,0.08953984,0.06558803]	[ 0.0233497 ,-1.99988945, 1.88848386]	0.11540244469787295	0.8764604772863966	0.2108502183907713	0.2602320484766583
2015-06-26T02:21:18.577000	6714.24561232902	6715.088407431866	[6714.64700988]	[0.63455824]	[0.08208705]	[-0.14427048]	0.12330575204257221	0.7822784200504294	0.19330023097661825	0.2256406708472189
2015-06-26T02:21:18.577000	6729.897521381857	6730.459384783753	[6730.19845308]	[0.30883641]	[0.06518694]	[0.20331785]	0.19266671164435994	0.4460224761919068	0.1535035194338295	0.10102921243077423
2015-06-26T02:21:18.577000	6737.282011806784	6737.884008308816	[6737.60301006,6737.52274386]	[0.15716773,0.22373784]	[0.01303457,0.0459217 ]	[1.85676765,1.4340822 ]	0.4806171042016475	0.01837083506214865	0.10813734346063825	0.09897259053898887
2015-06-26T02:21:18.577000	6740.51272636769	6741.435787670805	[6740.99425702,6740.69339187]	[0.28468774,0.34742959]	[0.02435506,0.09610146]	[ 1.39399026,-0.85307514]	0.15518625058849791	0.7599332067969287	0.22630163740957257	0.24502696350878767
2015-06-26T02:21:18.577000	6741.796985572025	6742.439115174192	[6742.13449079,6742.25641187]	[0.55605949,0.47284173]	[0.03644331,0.01104789]	[0.15222967,0.10625783]	0.23670378233819184	0.449374271289222	0.08581742756035696	0.15318125035918834
2015-06-26T02:21:18.577000	6743.96417297934	6744.526036381238	[6744.26150725,6744.35317295]	[0.63137202,0.57877014]	[0.02247998,0.02875375]	[ 0.40578466,-0.31547862]	0.1611846878671	0.7357040324899444	0.06770991020989564	0.1464617736382688
2015-06-26T02:21:18.577000	6747.315286840653	6748.037682643092	[6747.59412846,6747.8134834 ,6747.60077837]	[0.92290098,0.26997297,0.09272955]	[0.00509276,0.01673669,0.05122578]	[1.72852989,0.65633381,1.99570305]	0.2318573709704141	0.3110030127589819	0.12062748418533137	0.10375701466158846
2015-06-26T02:21:18.577000	6750.766733452304	6751.649661655284	[6751.08773143,6750.9091075 ,6751.48730407]	[8.00845619e-02,1.30392069e-05,1.87683354e-01]	[0.07584014,0.08960299,0.0247212 ]	[-1.98389653, 1.21322156, 1.27042743]	0.2614911753904085	0.2391130912185052	0.21099892433958709	0.12207600457020744
2015-06-26T02:21:18.577000	6755.221507567342	6755.903770269646	[6755.54263892,6755.7886929 ]	[0.40566353,0.10749918]	[0.03035346,0.0208201 ]	[-0.97903366,-1.99914262]	0.17217409540159284	0.6482733768347739	0.07147693952938909	0.11748805824738054
2015-06-26T02:21:18.577000	6759.134484830551	6760.458877135022	[6759.35515033]	[0.20127086]	[0.24438539]	[-1.31570209]	0.18188189412042907	0.4163804120988287	0.5754836187038244	0.42250869349785364
2015-06-26T02:21:18.577000	6761.020740536918	6762.826730043015	[6762.50387191,6761.30160569]	[0.24529949,0.12196886]	[0.02379018,0.28217792]	[ 1.00341111,-2.        ]	0.1686363697261377	0.5863094516789364	0.6644782328902797	0.4524414768715043
2015-06-26T02:21:18.577000	6763.85012409647	6766.8199735064945	[6764.09734149,6766.13851855,6764.21125545]	[0.32478481,0.51720633,0.08295075]	[0.0050191 ,0.02809453,0.59531777]	[-0.89403848,-0.35197729,-2.        ]	0.1546448074490325	0.5215163651937718	1.4018662239789306	0.7462864924874485
2015-06-26T02:21:18.577000	6766.478842155343	6768.806561963202	[6766.49897526,6767.80316791]	[0.10910384,0.61109861]	[0.05104706,0.18858431]	[-0.73155031, 0.32484905]	0.1300524059760043	0.7496894621528689	0.4440821137848372	0.596477539868317
2015-06-26T02:21:18.577000	6769.328292264962	6770.452019068755	[6769.91015563,6769.54909088]	[0.61035303,0.37998949]	[0.07846627,0.03126254]	[ 0.47718344,-0.30295429]	0.1164750132242685	0.7987204890326958	0.1847739514848229	0.2888901776814115
2015-06-26T02:21:18.577000	6772.017209974038	6772.819871976749	[6772.4140845]	[0.795191]	[0.04505902]	[0.06729847]	0.17646346932991522	0.7118472853375327	0.10610588338784768	0.16840539191353276
2015-06-26T02:21:18.577000	6773.361668828577	6774.124197731152	[6773.72293328,6773.58246743,6773.81701388]	[0.38246875,0.07612376,0.35132697]	[0.02619687,0.02366596,0.01368562]	[-0.93066822,-1.92615203,-1.03751663]	0.22217883445447456	0.4604127243429935	0.061688907706094497	0.13698363608134578
2015-06-26T02:21:18.577000	6772.860005076884	6773.462001578917	[6773.15299083,6773.34153573]	[0.68544173,0.53459683]	[0.03262161,0.01920359]	[-0.21751742, 0.28048159]	0.22264282533341295	0.6087554073336126	0.07681802179341417	0.16134865222704659
2015-06-26T02:21:18.577000	6775.669322086367	6776.431850988942	[6775.78958161,6776.03058654]	[0.28744001,0.21133757]	[0.00714329,0.04569061]	[-0.23805461,-1.59893088]	0.44091064296573157	0.13529621202292408	0.1075931534708523	0.1151094392486415
2015-06-26T02:21:18.577000	6778.719437696664	6779.6424989997795	[6779.16096835,6779.32770886]	[0.67578832,0.68348653]	[0.03895747,0.07196887]	[0.31998613,0.12162513]	0.09329367136541962	0.9249958777687941	0.16947373858378537	0.31881162674401764
2015-06-26T02:21:18.577000	6780.665893053234	6781.348155755538	[6781.01065455,6781.13041485]	[0.57499004,0.60791369]	[0.01418503,0.04235649]	[ 0.25103533,-0.2539817 ]	0.45181860462930695	0.12646263377189138	0.09974191383671403	0.14587001351562429
2015-06-26T02:21:18.577000	6777.95690879409	6782.291283608721	[6780.64575995,6781.45947262,6779.16096835]	[0.39918176,0.22361831,0.5188944 ]	[0.42882251,0.02635404,0.16992398]	[ 0.97356008, 0.16763575,-0.29784001]	0.11009036100347479	0.8463553340745418	1.0097998348368808	1.4684138969632627
2015-06-26T02:21:18.577000	6784.819668917256	6785.903262620915	[6785.37302907,6785.46969371,6785.78657148]	[2.17224773e-01,3.20842906e-04,5.80491408e-01]	[0.01414461,0.00088177,0.01105199]	[ 0.39409699, 0.9773189 ,-0.23446836]	0.3850814859038333	-0.17033501070977897	0.033308008377886916	0.06480040584562043
2015-06-26T02:21:18.577000	6785.722663670304	6786.926656674369	[6785.78732139,6786.34466017]	[0.29440707,0.49886674]	[0.01100066,0.04760848]	[-0.20054202, 0.66280978]	0.17593695517018643	0.5562950587274857	0.11210941190310889	0.14910627892678469
2015-06-26T02:21:18.577000	6787.729318677078	6788.491847579653	[6787.84965143]	[0.05107078]	[0.11136016]	[-1.99995743]	0.20020791039723135	0.20468377266924154	0.26223313499664863	0.08232839603840611
2015-06-26T02:21:18.577000	6791.261031489	6791.863027991033	[6791.58202974,6791.46246526,6791.57912778]	[0.70977788,0.41962076,0.32617754]	[0.08736664,0.02004798,0.00723478]	[0.05069397,0.181137  ,1.06555147]	0.14297853347454373	0.8284465060113803	0.20573272228829875	0.2573642786368567
2015-06-26T02:21:18.577000	6791.822894890896	6792.5051575932	[6792.14402624]	[0.72336453]	[0.03674065]	[-0.41408809]	0.29453467604734873	0.486116284719587	0.0865176091666628	0.11493931520577572
2015-06-26T02:21:18.577000	6794.411479849635	6795.816138354377	[6794.99334325,6794.51438289,6794.8528774 ]	[0.58429029,0.26753292,0.31218394]	[0.06894996,0.01571502,0.06241513]	[-0.496195  ,-0.00760148, 1.02295856]	0.187214794951823	0.6674333061112555	0.162364742520345	0.3473881980174229
2015-06-26T02:21:18.577000	6809.401192750236	6812.29077595999	[6810.69818837]	[0.38398858]	[0.13482469]	[-0.74013209]	0.16642096466521025	0.464962865333589	0.31748787531828593	0.32299555913688077
2015-06-26T02:21:18.577000	6812.250642859854	6813.053304862564	[6812.91010486,6812.50557437,6812.73230661]	[0.34676894,0.10287046,0.61390361]	[0.00986641,0.01839469,0.08536749]	[0.11149333,2.        ,0.49626453]	0.11303997586255564	0.8460708975333376	0.20102506813012816	0.2771929073025778
2015-06-26T02:21:18.577000	6812.812506261751	6814.578362667712	[6814.35042628]	[0.01199692]	[0.00603647]	[-0.21796758]	0.4310065133546618	-0.5608164216672089	0.01421480036739563	0.0002998444719366606
2015-06-26T02:21:18.577000	6818.872604382208	6819.595000184648	[6819.21816435,6819.31413503]	[0.51539027,0.4674324 ]	[0.01572682,0.05966959]	[-0.59558584,-0.36906188]	0.09599692746428455	0.876103207609697	0.14051115227093958	0.16427373425705882
2015-06-26T02:21:18.577000	6820.217063236746	6821.059858339591	[6820.61846079,6820.26221695,6820.88337512]	[0.44777924,0.08788045,0.49454711]	[0.06746803,0.0273644 ,0.00915973]	[ 0.55409824,-2.        ,-0.41138976]	0.2054079827203005	0.5389533637579258	0.15887506255094672	0.24567398360215054
2015-06-26T02:21:18.577000	6822.645115794943	6823.728709498601	[6823.20691265,6823.06231106]	[0.67758935,0.32346966]	[0.10063018,0.01639542]	[0.27544913,0.18363549]	0.10581715181268292	0.8791800588475764	0.23696596223135405	0.3186658391971262
2015-06-26T02:21:18.577000	6825.5146324546295	6826.357427557475	[6825.95603001]	[0.39629598]	[0.05491769]	[-0.02906048]	0.225423138928114	0.23579130134412463	0.12932127189322398	0.116835767407441
2015-06-26T02:21:18.577000	6826.277161357203	6827.882485362623	[6827.28042231,6826.97362594]	[0.24809034,0.62553819]	[0.03189047,0.10523657]	[-0.04898951, 0.08062715]	0.17558542413813624	0.6376181575134117	0.24781318535747437	0.35876390480810494
2015-06-26T02:21:18.577000	6836.87229979297	6837.674961795679	[6837.25363079]	[0.6641631]	[0.10461382]	[-0.35507594]	0.12176782776324456	0.8148755682490603	0.24634671479197098	0.2843941864848824
2015-06-26T02:21:18.577000	6837.554562495272	6838.116425897169	[6837.8554942 ,6837.71003409,6837.9572873 ]	[0.35921064,0.49263324,0.66903111]	[0.02916643,0.02340009,0.01838847]	[ 1.36966714, 0.31532672,-0.39918827]	0.14117966922296732	0.7774622234275081	0.06868168669598841	0.18530968679060555
2015-06-26T02:21:18.577000	6838.216758647509	6839.862215753063	[6838.27836319,6839.0194872 ]	[0.05995674,0.58488192]	[0.03527176,0.10955441]	[-1.99999785, 0.04671001]	0.13802641922416461	0.6664326150407534	0.2579809099490434	0.3394012521357351
2015-06-26T02:21:18.577000	6839.982615053469	6840.745143956044	[6840.3438795 ,6840.65148401,6840.3969465 ]	[0.1270234 ,0.0825332 ,0.52696751]	[0.05180473,0.06195821,0.03004886]	[1.99999625,1.99909454,0.22027045]	0.18060547087402987	0.6390454190311827	0.14590044137305314	0.2335842741875817
2015-06-26T02:21:18.577000	6841.728404909362	6842.290268311259	[6842.02933661]	[0.66232481]	[0.06176948]	[0.46705512]	0.169666220165809	0.7144991887936515	0.14545601967982774	0.16590425114642693
2015-06-26T02:21:18.577000	6841.74847145943	6844.959119470269	[6842.76174219,6843.55452756]	[0.27400733,0.28751305]	[0.30618079,0.16490952]	[-0.36982498, 0.88083563]	0.14676069993135013	0.6303079492294756	0.7210006604382856	0.7091815486029652
2015-06-26T02:21:18.577000	6844.617988119117	6845.179851521014	[6844.88561126,6844.89946936]	[0.14732205,0.72098115]	[0.03481916,0.01939007]	[ 1.99833535,-0.16314257]	0.524921016480583	0.23075900916305114	0.08199285658935947	0.1306913859703376
2015-06-26T02:21:18.577000	6851.741613393164	6852.584408496009	[6852.00241199,6851.90207924]	[0.12657673,0.19032498]	[0.07166733,0.04437872]	[-1.99873958,-1.19531188]	0.29072722333596646	0.36462557487034564	0.16876367270195122	0.19608330915776176
2015-06-26T02:21:18.577000	6852.84527364689	6854.16966595136	[6853.99192996,6852.98600605,6853.18633845]	[9.97415490e-01,2.38967629e-34,1.90311958e-01]	[0.00425268,0.50133166,0.16708318]	[-1.96151879, 0.74961779,-1.74954082]	0.18671159563496986	0.5987409441209917	1.180545849473476	0.37135668798035676
2015-06-26T02:21:18.577000	6859.045837617821	6860.851827123917	[6859.28670277,6859.92883237,6859.60763447]	[0.37271324,0.54009407,0.43883846]	[0.023305  ,0.07091274,0.06914539]	[-0.03997551,-0.30836813, 0.05810404]	0.1276396745421825	0.7038706511498223	0.16698673784044812	0.42900894645619986
2015-06-26T02:21:18.577000	6861.112692274798	6863.40027898252	[6861.21257058]	[0.25462057]	[0.02186573]	[0.46337488]	0.251483229476115	-0.01300477196223171	0.05148986882938963	0.030674915524511466
2015-06-26T02:21:18.577000	6925.265452841357	6925.827316243253	[6925.55876686,6925.40827793,6925.64638454]	[0.89241012,0.34885478,0.43574482]	[0.03153167,0.01756633,0.03385655]	[ 0.24896085,-0.21648334,-0.6134794 ]	0.04871786735962038	0.9754488001040628	0.07972607628292151	0.1989489326021067
2015-06-26T02:21:18.577000	6925.9878486437965	6926.589845145828	[6926.28680271,6926.18884696]	[0.57756055,0.29654034]	[0.02349267,0.01645009]	[-0.05035873, 0.86638657]	0.3364905610975878	0.2579580273255113	0.05532101918056189	0.11883491055825955
2015-06-26T02:21:18.577000	6945.091204308283	6946.255064212211	[6946.15647424,6945.87386631,6945.37185998]	[0.44227598,0.41043403,0.52836344]	[0.01199132,0.0929587 ,0.00583284]	[-0.01730051, 0.55390235, 1.74515995]	0.2666677428367316	0.42761108648897295	0.2189010055791206	0.29789630384371024
2015-06-26T02:21:18.577000	6951.311834829282	6951.913831331314	[6951.59283308,6951.71283308]	[0.21958922,0.45455985]	[0.02485899,0.02592597]	[-1.53867711,-0.23662974]	0.3284382858725615	0.2233051102196928	0.061050999825539194	0.10884261351594288
2015-06-26T02:21:18.577000	6973.104108202846	6973.746237805013	[6973.405173  ,6973.22444095,6973.525173  ]	[0.53632307,0.03593129,0.351849  ]	[0.03150017,0.069492  ,0.04592704]	[-0.75888754,-1.99999705,-0.84400354]	0.08321560725387737	0.913225245219578	0.16364115112051456	0.19676602992199288
2015-06-26T02:21:18.577000	6974.087369156165	6974.689365658197	[6974.39756327,6974.16574195]	[0.44761598,0.06661222]	[0.01778154,0.11933392]	[ 0.69134671,-1.98380088]	0.08897114887562513	0.8333146038806173	0.28100991006388976	0.1297694306793479
2015-06-26T02:21:18.577000	6977.438483017478	6978.401677420729	[6977.53844988]	[0.54810248]	[0.01293463]	[0.09756723]	0.29462668650570967	-0.3474246911234806	0.030458720254171675	0.05005814473355994
2015-06-26T02:21:18.577000	6992.287730067604	6993.4515899715325	[6992.88966002,6993.03025897,6992.62892797]	[0.06565048,0.18855665,0.45240032]	[0.13546821,0.15010968,0.05508804]	[-2.        , 2.        , 0.37465386]	0.07223303483471688	0.9549550957057983	0.3534812813651843	0.5335203844941314
2015-06-26T02:21:18.577000	7001.7792082496435	7002.622003352489	[7002.20727121,7002.10062297]	[0.73721708,0.36429683]	[0.02198678,0.04708004]	[-0.26048368,-0.70970565]	0.14206330502238304	0.813769211378786	0.11086503257763407	0.13944505176229008
2015-06-26T02:21:18.577000	7002.300938551405	7002.902935053437	[7002.5819368 ,7002.76381938,7002.6349449 ]	[0.17044219,0.05334975,0.66712865]	[0.05426446,0.03005087,0.03435621]	[ 2.        ,-1.77351905, 0.44828357]	0.07885383242350837	0.932936361228216	0.12778303049945972	0.22416304639176235
2015-06-26T02:21:18.577000	7003.264132954656	7004.106928057501	[7003.66553051]	[0.54914906]	[0.04426276]	[-0.02325278]	0.21162127490582852	0.4267264309205101	0.10423083493511119	0.12976502783624783
2015-06-26T02:21:18.577000	7024.213611225376	7025.538003529847	[7024.85580744,7024.79547324,7024.89186954]	[0.51613087,0.18059378,0.28925313]	[0.03139787,0.03517732,0.14614995]	[-0.44369691, 1.38516151,-1.21570739]	0.06609601004152849	0.9457242538781259	0.34415684110698175	0.39202349065063047
2015-06-26T02:21:18.577000	7029.731912494003	7030.414175196307	[7029.89251144,7030.34178435,7030.1533766 ]	[0.35945446,0.11868006,0.38757024]	[0.02901469,0.01222359,0.06674379]	[-0.08194167, 1.99996896, 0.7833907 ]	0.14030996045282482	0.695019814612536	0.157169606240559	0.22972013841480332
2015-06-26T02:21:18.577000	7030.434241746374	7031.036238248407	[7030.71524   ,7030.81557275]	[0.66946056,0.52090274]	[0.02710268,0.04048804]	[ 0.02217413,-0.35038874]	0.13232518415424102	0.848354955721185	0.09534204298456293	0.18301270674513767
2015-06-26T02:21:18.577000	7031.056304798474	7031.738567500777	[7031.4126407 ,7031.17043948,7031.49743615]	[0.67953543,0.26660873,0.41271061]	[0.02483234,0.01390468,0.0481541 ]	[ 0.24378157, 0.12852626,-0.3798644 ]	0.15911851135782423	0.7524247777158252	0.11339424144322476	0.18772994139582888
2015-06-26T02:21:18.577000	7031.899099901319	7032.7820281043	[7032.360564  ,7032.70288797,7032.33640459]	[0.37887939,0.26459159,0.12303559]	[0.02161629,0.00917246,0.05781976]	[ 1.19810368,-0.50769072, 1.99980361]	0.23937103375218563	0.5357247728797407	0.1361551280069472	0.15426854232373816
2015-06-26T02:21:18.577000	7044.7015588445365	7045.263422246433	[7045.00100438,7045.15625185,7044.93042419]	[0.75028458,0.61656965,0.45543836]	[0.02794289,0.01307871,0.0226632 ]	[0.01301209,0.42461738,0.65137919]	0.21950213825931705	0.6889168616907795	0.06580048719008785	0.1886837097858767
2015-06-26T02:21:18.577000	7045.082823295823	7045.765085998126	[7045.40395465,7045.54002613]	[0.55671625,0.77884763]	[0.02728585,0.01625788]	[-0.41358168, 0.10649364]	0.1826865193462508	0.698420004190208	0.06425325602759022	0.14138199217338238
2015-06-26T02:21:18.577000	7059.952136896018	7061.276529200489	[7060.61681627,7060.87526475]	[0.88073357,0.30854114]	[0.09475374,0.04888353]	[ 0.14865841,-0.37442709]	0.07555577989255512	0.9424349231062733	0.22312799866115768	0.4022655700981592
2015-06-26T02:21:18.577000	7061.758126402114	7063.002252506314	[7062.36715087]	[0.80576142]	[0.13537042]	[-0.03412429]	0.0918131969129803	0.9193592903566512	0.318772987105182	0.46647485543687867
2015-06-26T02:21:18.577000	7068.480420674806	7070.085744680226	[7069.26308268]	[0.54198558]	[0.15675461]	[0.3536372]	0.1110493295909105	0.7906773020172149	0.36912890240937146	0.38415828148138265
2015-06-26T02:21:18.577000	7076.145842800683	7077.550501305424	[7077.4101262 ,7076.86817186]	[6.23910872e-12,6.64533303e-01]	[0.00266782,0.15899763]	[-1.98360526,-0.25968853]	0.1084438175541028	0.850051386298371	0.37441080205089666	0.43531808654066945
2015-06-26T02:21:18.577000	7078.032098507049	7078.553828808811	[7078.28399028]	[0.92786458]	[0.02673488]	[-0.21341235]	0.15845105323893083	0.8096849053793737	0.06295584057535836	0.09742433357034541
2015-06-26T02:21:18.577000	7082.46680607202	7083.028669473916	[7082.75091116]	[0.90396989]	[0.03616432]	[4.33425419e-05]	0.23088723964215618	0.7023806958348506	0.08516047356014658	0.1389639381683561
2015-06-26T02:21:18.577000	7084.232662477982	7084.834658980013	[7084.53316775,7084.42205017]	[0.8026303 ,0.81207061]	[0.0170163 ,0.03828655]	[-0.14491692,-0.03424675]	0.20779894939782861	0.7613302466039188	0.09015793436264248	0.18232360706091447
2015-06-26T02:21:18.577000	7084.433327978659	7085.757720283129	[7084.55366073,7085.07552413]	[0.18923675,0.39581489]	[0.02868475,0.08636464]	[1.36790862,0.03872078]	0.18121771492634953	0.45269740465077346	0.20337318574829483	0.27425384763765476
2015-06-26T02:21:18.577000	7085.47678858218	7086.118918184348	[7085.79097273]	[0.63140467]	[0.04180797]	[-0.05141648]	0.3219498889019449	0.4580812236779177	0.0984502541075577	0.1304609440167058
2015-06-26T02:21:18.577000	7085.677454082858	7086.761047786516	[7086.20987744,7086.40054559]	[0.80797381,0.74280218]	[0.05870195,0.02837065]	[-0.08117416,-0.03155568]	0.19416438619524393	0.7331883011856019	0.13823253882794267	0.29575319647676335
2015-06-26T02:21:18.577000	7086.620581936042	7087.383110838616	[7087.01481141,7087.10184639]	[0.75258745,0.23666978]	[0.07938969,0.0303509 ]	[ 0.22214183,-1.15279453]	0.0804272256036517	0.9380689323941037	0.18694844444339698	0.28770252358927034
2015-06-26T02:21:18.577000	7091.436553952299	7092.480014555822	[7091.97828425,7092.25615203,7092.41974836]	[4.14773758e-01,4.62495661e-29,9.63994708e-02]	[0.08017085,3.0067182 ,0.03436241]	[ 0.95096223,-0.97880533, 1.7629319 ]	0.20818347467263007	0.5800482194080275	7.080280277298641	0.2687927440362941
2015-06-26T02:21:18.577000	7092.8412124570405	7093.443208959073	[7093.12502887,7093.34657001,7093.04221071]	[6.13642238e-01,3.81797123e-21,7.99363136e-01]	[0.0177511 ,0.68057567,0.04349098]	[-0.41824033,-0.06181099, 0.169936  ]	0.3000492675526029	0.6318786533755574	1.6026332195677528	0.1910280742280952
2015-06-26T02:21:18.577000	7093.423142409005	7093.985005810902	[7093.72407341,7093.70094835]	[0.48095522,0.15419306]	[0.01447973,0.04448809]	[0.8410893 ,1.98516968]	0.3641425118700688	0.3898773035130221	0.10476145071290927	0.12976237185071274
2015-06-26T02:21:18.577000	7093.844539960427	7094.406403362324	[7094.11456128,7093.96499002,7094.21496981]	[0.9685611 ,0.33559972,0.35573493]	[0.03195698,0.0160082 ,0.01255604]	[-0.07525232,-0.03935532,-0.10124158]	0.058327778585033456	0.9654495370301177	0.07525294064648805	0.1472680549975869
2015-06-26T02:21:18.577000	7094.647201963137	7095.369597765575	[7094.98839986]	[0.82808466]	[0.0634325]	[-0.07727788]	0.07457623040029424	0.9378451376827028	0.14937211753312699	0.21749844785295358
2015-06-26T02:21:18.577000	7099.703972580207	7100.707300083594	[7100.18563654,7099.88281043,7100.1611306 ]	[0.36620092,0.28257576,0.39374727]	[0.05611132,0.0140702 ,0.03931557]	[-0.80522414, 0.514432  , 0.28931685]	0.12533251810031176	0.8137692820066995	0.1321320576859501	0.22264391006922732
2015-06-26T02:21:18.577000	7101.730694137049	7102.332690639081	[7102.05169237,7102.17881642,7101.93169239]	[0.7006726 ,0.48940489,0.65038345]	[0.04089092,0.02051737,0.03383202]	[0.50041318,0.05189298,0.41620261]	0.0875029380628604	0.9323562827634166	0.09629075131416112	0.25755127309161474
2015-06-26T02:21:18.577000	7103.777482243958	7104.419611846126	[7104.11854705,7103.8550328 ,7104.19854705]	[0.55387422,0.21922717,0.42613463]	[0.0327489 ,0.0079699 ,0.03881849]	[ 0.5854541 ,-0.24581944,-0.72113035]	0.14112755115918518	0.787523101259512	0.09141056718799426	0.18627603950715318
2015-06-26T02:21:18.577000	7105.282473499038	7107.128596105271	[7106.5183128 ,7105.64373795]	[0.33588169,0.1734201 ]	[0.0206287 ,0.24206102]	[ 0.6017468,-1.7808828]	0.14704134363089166	0.7026725578381656	0.5700101353867216	0.4691532966173372
2015-06-26T02:21:18.577000	7106.707198553848	7107.349328156016	[7107.04826335]	[0.64477157]	[0.06428509]	[0.34802701]	0.1563464735708414	0.7414870459764847	0.15137981693916144	0.19455813024663865
2015-06-26T02:21:18.577000	7115.29568198284	7115.857545384737	[7115.58727049,7115.6637347 ]	[0.78340948,0.56355489]	[0.022305  ,0.01855955]	[ 0.25851733,-0.09565311]	0.1520024699874342	0.7955950123572585	0.05252427199045938	0.12172356986708302
2015-06-26T02:21:18.577000	7115.55654713372	7116.118410535617	[7116.01597194]	[0.15290627]	[0.03578188]	[0.9328898]	0.41438272386158936	-0.29344222062601677	0.08425988374388893	0.028327748244414523
2015-06-26T02:21:18.577000	7115.91774503494	7116.479608436836	[7116.17867674,7116.29867674]	[0.19071784,0.55969921]	[0.0187204 ,0.03397922]	[-1.99861644,-0.3665179 ]	0.574640368046697	0.16442713815939125	0.08001494178526938	0.13270496968984183
2015-06-26T02:21:18.577000	7118.4461303434755	7120.0514543488935	[7119.54972405]	[0.45111922]	[0.06302005]	[0.49012505]	0.14767749245526948	0.6393860856566261	0.14840087706384297	0.13621055581902405
2015-06-26T02:21:18.577000	7119.931055048487	7120.4929184503835	[7120.19321339,7120.0705783 ]	[0.49141271,0.09975829]	[0.05069517,0.02186537]	[-0.41251406, 1.98334812]	0.15492006943104103	0.6023417109026135	0.1193779915568039	0.15434195585048907
2015-06-26T02:21:18.577000	7135.281965850308	7136.044494752881	[7135.6832303,7135.8438958]	[0.73780202,0.51878383]	[0.02107113,0.03428967]	[-0.00827038,-0.17113978]	0.25091254762450094	0.47217899982859535	0.08074599643887224	0.16747451885470682
2015-06-26T02:21:18.577000	7136.064561302949	7136.626424704846	[7136.52615875,7136.36014573]	[0.02356048,0.58453599]	[0.20666109,0.03195059]	[1.97564905,0.38813669]	0.20171581536886865	0.5627556999298378	0.486649671898762	0.12871623195583382
2015-06-26T02:21:18.577000	7138.031083209587	7138.592946611485	[7138.3001934 ,7138.11943251]	[0.78919764,0.24458952]	[0.03846766,0.01691389]	[-0.20713447,-0.48261166]	0.069833796671075	0.9388175506865745	0.09058440937044396	0.13916505934681683
2015-06-26T02:21:18.577000	7140.539401968054	7141.502596371306	[7141.00676946,7140.88827302]	[0.47328654,0.57563906]	[0.03588565,0.05551962]	[-0.58472128, 0.04011806]	0.15179212215825288	0.7595673505434719	0.13073870902361914	0.21995740229433314
2015-06-26T02:21:18.577000	7153.402060561475	7154.164589464049	[7153.76341229,7153.55457687,7154.08606472]	[0.71858174,0.49288819,0.30650224]	[0.05195545,0.01282816,0.01066801]	[-0.4928456 , 0.36885762,-0.18046569]	0.10885308432747211	0.8787646306911557	0.12234574487288198	0.2158460254020202
2015-06-26T02:21:18.577000	7159.743090382881	7160.385219985049	[7160.04415518,7160.12442138,7160.11665684]	[0.55986528,0.0310618 ,0.13156082]	[0.02081495,0.26340312,0.02518429]	[-0.5971283 , 2.        ,-1.99999842]	0.16209115418403358	0.620455014100677	0.6202669478976204	0.15285904461637484
2015-06-26T02:21:18.577000	7203.066771979128	7203.628635381025	[7203.35182583,7203.35865774]	[0.79451147,0.11198182]	[0.01461238,0.05598184]	[ 0.05036709,-1.99934024]	0.250549913500118	0.5677659937288151	0.13182716737270989	0.128399676673316
2015-06-26T02:21:18.577000	7247.775045530048	7248.657973733029	[7248.23650963,7248.23560621]	[0.45478081,0.32958223]	[0.04470377,0.11516841]	[-0.01805788, 1.11748314]	0.10794056311228588	0.8994106264197721	0.2712008852481924	0.31293599694062174
2015-06-26T02:21:18.577000	7249.059304734384	7249.741567436688	[7249.42043609]	[0.81022577]	[0.05468938]	[-0.20707539]	0.16453179627558248	0.7709670731599576	0.12878365514178594	0.19481339551841464
2015-06-26T02:21:18.577000	7267.781395947584	7268.383392449617	[7268.08246075,7268.25110042]	[0.6944663,0.9965448]	[0.03585103,0.01160279]	[-0.11583887,-0.10302513]	0.35650354397645595	0.4922285323800959	0.08442273005733475	0.15041320722331206
2015-06-26T02:21:18.577000	7321.298884978242	7322.1416800810875	[7321.70028253,7321.55981668,7321.95854017]	[0.58801215,0.45291212,0.22538852]	[0.0481452 ,0.04367185,0.00843955]	[-0.73307612, 0.08454017, 0.78787323]	0.07973551326635682	0.91339943661271	0.11337327623130695	0.23258614327900437
2015-06-26T02:21:18.577000	7346.402139112984	7347.806797617725	[7347.54599902,7347.36526697]	[0.12315356,0.18997711]	[0.06389411,0.23830154]	[-1.76717649, 1.5384317 ]	0.16999058948491946	0.6172614998309628	0.5611572447676606	0.5598031764501266
2015-06-26T02:21:18.577000	7347.425533166437	7348.02752966847	[7347.74653142,7347.56533105,7347.69913307]	[0.21934003,0.7490874 ,0.17789462]	[0.01922096,0.0233761 ,0.03111466]	[1.9998112 ,0.14956558,1.99356877]	0.18116523004738924	0.8142928493392514	0.07326941451839958	0.18572253457417187
2015-06-26T02:21:18.577000	7349.853585724634	7350.415449126531	[7350.15451743,7350.36582937]	[0.6103593 ,0.09227265]	[0.03303198,0.01562077]	[0.67730622,1.99999998]	0.0947851108963145	0.896385983653537	0.07778437811606237	0.12064582423967667
2015-06-26T02:21:18.577000	7354.810023591366	7355.6528186942105	[7355.25142075,7355.39369716]	[0.77532291,0.48882882]	[0.03834168,0.04519332]	[ 0.23787082,-0.21115694]	0.14170047141976008	0.8145659148288269	0.10642212754705865	0.24492073065961742
2015-06-26T02:21:18.577000	7355.4521531935325	7356.415347596784	[7355.7342747]	[0.09741239]	[0.01012286]	[0.15509497]	0.423905621505608	-0.4885807852600885	0.023837516616505693	0.005603559709276963
2015-06-26T02:21:18.577000	7357.358475449968	7358.080871252408	[7357.5190744 ,7357.69967335,7357.87303757]	[0.20648258,0.59484906,0.3815751 ]	[0.03869613,0.0330064 ,0.02057515]	[-1.6072537 ,-0.59868643, 0.20253282]	0.16561267792012838	0.7018924197192544	0.09112242927352653	0.22702168802859493
2015-06-26T02:21:18.577000	7365.525561327538	7366.087424729435	[7365.79506258,7365.70649303]	[0.70399634,0.51214017]	[0.02320303,0.03582047]	[-0.50542811,-0.27355931]	0.055875237544475265	0.9673039790128684	0.0843507614024396	0.13700409103329306
2015-06-26T02:21:18.577000	7366.268023680044	7367.311484283567	[7366.80975398,7366.4288339 ,7366.86631024]	[0.15580477,0.15990839,0.19800796]	[0.08541222,0.01355502,0.0859366 ]	[-2.        ,-0.18160463, 1.99999991]	0.07712810082933061	0.9456762696926145	0.20236522603691956	0.35127974806725587
2015-06-26T02:21:18.577000	7374.1943109568	7376.281232163846	[7374.81630746,7376.1549149 ,7375.79970151]	[0.12102353,0.09166215,0.14123672]	[0.12601021,0.0136548 ,0.27180342]	[-2.        ,-0.88294834, 2.        ]	0.14934131078410823	0.7607546599835431	0.6400481411472158	0.6661264321899861
2015-06-26T02:21:18.577000	7382.6423285353185	7383.324591237622	[7382.97138913,7382.88695753]	[0.0841686 ,0.48099112]	[0.05280674,0.01136547]	[-2.        ,-0.75760308]	0.2626322654882722	0.28615775569854907	0.12435038144749246	0.09579395512852207
2015-06-26T02:21:18.577000	7383.344657787689	7384.147319790399	[7383.72598879]	[0.53167881]	[0.04434925]	[-0.82136825]	0.1072045396489693	0.8288843614251531	0.1044344969308733	0.11689098683041764
2015-06-26T02:21:18.577000	7385.090447643583	7385.732577245751	[7385.45157899]	[0.01233468]	[0.10482936]	[-2.]	0.4402192900174612	-0.22560715604072912	0.246854280024284	0.013969625638590399
2015-06-26T02:21:18.577000	7400.842689446757	7402.167081751229	[7401.52488513,7401.66535145]	[0.45581421,0.4305732 ]	[0.04968498,0.09644639]	[ 0.30830864,-0.31641304]	0.24974428709659083	0.4763429678656913	0.2271139040069925	0.33359545675174107
2015-06-26T02:21:18.577000	7401.926283150415	7403.692139556377	[7402.66867895,7403.3950313 ,7402.54787646]	[0.17215203,0.14614514,0.58027616]	[0.13638504,0.01107488,0.08194257]	[-1.99998596,-0.81373713, 0.24930461]	0.10762227188565657	0.8639115913475902	0.3211622261596551	0.5111014328591055
2015-06-26T02:21:18.577000	7405.658661463015	7408.4679784724985	[7407.08331997]	[0.36225485]	[0.29042673]	[0.70879549]	0.16661640937133118	0.541357101335008	0.6839026751421883	0.6346797523214297
2015-06-26T02:21:18.577000	7419.183516208671	7420.6283078135475	[7419.28277242,7419.92591201,7419.60470244]	[6.70270332e-29,5.56393051e-01,3.39284545e-01]	[0.05398822,0.17858616,0.0818855 ]	[-1.62175314,-0.15804944, 0.26206814]	0.11986386153306487	0.7977993186022747	0.42053826107223485	0.6249928805592501
2015-06-26T02:21:18.577000	7427.952598588272	7431.2033796992455	[7430.3004515]	[0.2375017]	[0.28007306]	[0.94012722]	0.24852822068975933	0.41698376510581403	0.6595216624110917	0.5384268455032601
2015-06-26T02:21:18.577000	7450.647866714884	7451.370262517323	[7451.02906462,7451.28992951,7450.90906483]	[6.92413007e-01,1.26567358e-18,2.82261238e-01]	[0.03745896,3.04020414,0.01265757]	[ 0.37032234,-0.02645217, 0.90391146]	0.13660227175977718	0.7817105848366949	7.159133638698468	0.13257384502359837
2015-06-26T02:21:18.577000	7458.032357139811	7458.875152242656	[7458.43375469,7458.58830462]	[0.56346332,0.36929559]	[0.03689702,0.01804412]	[-0.72679731,-0.24681262]	0.12144297708135825	0.7899284388849619	0.08688584379880968	0.13305743068813972
2015-06-26T02:21:18.577000	7458.835019142522	7459.717947345502	[7459.29648324,7459.49714874]	[0.66503088,0.37552269]	[0.06086246,0.03592149]	[0.18044752,1.10700397]	0.15507875955851405	0.7515802684422851	0.14332014134328555	0.2868067788683187
2015-06-26T02:21:18.577000	7468.888360726459	7469.6508896290325	[7469.28069127,7469.01198285,7469.55049033]	[0.69876568,0.20066939,0.05687091]	[0.0436007 ,0.00626064,0.06552384]	[ 0.38969779,-0.97866526, 1.93968423]	0.10858441912696466	0.8557626529389408	0.1542968427848424	0.1932914120102694
2015-06-26T02:21:18.577000	7469.8515551297105	7470.493684731877	[7470.16077687,7469.93188788]	[0.33183875,0.25619338]	[0.01423049,0.0192268 ]	[-0.20133197,-1.24974729]	0.19303722882770957	0.4976825124042755	0.045275648188199985	0.08037515356841868
2015-06-26T02:21:18.577000	7468.326497324561	7471.577278435535	[7471.48672512]	[0.00147185]	[0.00077789]	[0.54319273]	0.16938637280337918	0.21886418543316777	0.0018317836632422224	0.0
2015-06-26T02:21:18.577000	7477.757775856398	7478.399905458566	[7478.09884066]	[0.57151342]	[0.04400895]	[0.38290714]	0.20889330619153598	0.5215837141222709	0.10363316698156931	0.12902458184078974
2015-06-26T02:21:18.577000	7480.727625266424	7482.332949271843	[7482.11490772,7481.51028791]	[0.34265678,0.38849211]	[0.03681695,0.1349294 ]	[ 0.07408566,-0.88299331]	0.18933737420099034	0.5205115048237818	0.31773445361121333	0.4577853280727444
2015-06-26T02:21:18.577000	7481.971751370624	7485.342931782004	[7483.67734156,7482.93486095,7484.56026978]	[0.67224446,0.17699016,0.3757952 ]	[0.11457288,0.07052013,0.24882106]	[ 0.1093574,-0.4596876, 0.874039 ]	0.15088808870751913	0.6954881338587461	0.5859288183276896	0.9801544459731525
2015-06-26T02:21:18.577000	7492.1254257048995	7493.289285608828	[7492.22583564,7492.54675666,7493.16087732]	[0.29572173,0.35852187,0.55956131]	[0.0319129 ,0.0980277 ,0.02496554]	[ 0.80253407,-0.44094904, 0.09225629]	0.33390512572664477	0.2888223828913322	0.2308375878986614	0.3900163001073862
2015-06-26T02:21:18.577000	7492.486623606118	7494.573544813164	[7493.51008421]	[0.56950369]	[0.15458933]	[-0.01040368]	0.17511762779097964	0.5944220978201241	0.3640300504747945	0.42915203996198353
2015-06-26T02:21:18.577000	7494.051814511402	7495.376206815873	[7494.72597794,7494.97480926,7495.17560787]	[0.77580254,0.34169943,0.27178669]	[0.09312485,0.03914108,0.02434024]	[ 0.07618385, 0.75043749,-0.16302193]	0.11451468290261912	0.8823194175027954	0.2192922599463122	0.4435816232996841
2015-06-26T02:21:18.577000	7518.773804194856	7520.660059901223	[7518.85032221,7520.1381864 ,7519.65666584]	[8.52328029e-09,1.86510623e-01,3.84324419e-01]	[0.36479569,0.15723529,0.04618598]	[ 1.03321193, 0.12517244,-0.45165119]	0.29616373458917633	0.141588292773544	0.8590282097550266	0.2555028586497866
2015-06-26T02:21:18.577000	7521.402522253729	7522.084784956033	[7521.7636536 ,7521.85459819]	[0.73111178,0.49862025]	[0.05743436,0.02301823]	[ 0.27694614,-0.05416176]	0.09577312188340702	0.9089534801883781	0.1352475849896579	0.22007911494290017
2015-06-26T02:21:18.577000	7542.913863926346	7543.917191429732	[7543.23499528,7543.40981711]	[0.60965958,0.58664599]	[0.06484638,0.01138589]	[ 0.00821536,-0.58066292]	0.1767903642016913	0.6787855003480223	0.1527015537324618	0.20816506721645708
2015-06-26T02:21:18.577000	7543.977391079936	7544.619520682103	[7544.1393064]	[0.0869221]	[0.01066782]	[-0.22218961]	0.7964491653075219	-0.8081487210068214	0.02512078662584394	0.0039133990577438745
2015-06-26T02:21:18.577000	7556.639384172679	7557.3216468749815	[7557.00051552,7556.88051552]	[0.76210544,0.0838464 ]	[0.07967411,0.03376207]	[0.2938424 ,1.99999998]	0.05639090576308055	0.9661594860501452	0.1876182007365815	0.27259186870487895
2015-06-26T02:21:18.577000	7557.482179275523	7558.04404267742	[7557.76924114]	[0.56474295]	[0.01565498]	[0.02700345]	0.41676947230479083	-0.10525709196684074	0.03686465145263155	0.045201782236020935
2015-06-26T02:21:18.577000	7557.8032440766065	7558.565772979181	[7558.20450853,7558.06282826,7558.16772541]	[0.08290158,0.70960073,0.61497828]	[0.06717445,0.02902335,0.04119078]	[-1.97833864, 0.2063355 ,-0.52169937]	0.11106328644271031	0.8937917047147289	0.15818375030817683	0.27230260192787953
2015-06-26T02:21:18.577000	7559.067436730875	7560.151030434533	[7559.10763671,7559.70963297,7559.32823533]	[9.91226564e-20,4.55780240e-01,1.30371709e-01]	[6.58958832,0.02644201,0.13511121]	[ 1.98811969,-0.80493765,-1.99999992]	0.1862643862728521	0.6908983238770526	15.517294657851869	0.2682638873344025
2015-06-26T02:21:18.577000	7561.4152230888	7562.779748493406	[7561.55562232,7562.07748739]	[0.06231857,0.75079768]	[0.18035648,0.04541335]	[-1.87075185,-0.13721661]	0.16993517799875196	0.7279208337936335	0.4247070569307947	0.2750556714616875
2015-06-26T02:21:18.577000	7562.920214343881	7563.923541847267	[7563.44187776,7563.79120592,7563.3221228 ]	[0.58034558,0.4937584 ,0.44666378]	[0.03443672,0.0183491 ,0.06548253]	[ 0.14213282,-0.16005687, 0.23691963]	0.13996949296212388	0.8075080716754272	0.15419958039852985	0.27494726000546205
2015-06-26T02:21:18.577000	7566.7729919568865	7567.415121559054	[7567.11405676,7567.21438951]	[0.27542429,0.28325939]	[0.03267085,0.03796918]	[1.32780658,0.13145799]	0.17002231513118524	0.5381635231378656	0.08941058350458862	0.12818145210862944
2015-06-26T02:21:18.577000	7571.7093632735505	7572.431759075988	[7572.05056117,7571.77282808,7572.35156174]	[0.18038531,0.24829109,0.13618457]	[0.03227075,0.00994737,0.08422535]	[-1.96256039, 0.73264823, 1.26898854]	0.3408220306763533	0.36941859859427284	0.19833553707226656	0.17396690014169203
2015-06-26T02:21:18.577000	7579.334652299291	7580.137314302	[7579.7559833,7579.9166488,7579.6359833]	[0.46852257,0.00679165,0.57423944]	[0.03698193,0.40754856,0.05085052]	[0.24436154,1.99978866,0.01392779]	0.14283607724920208	0.8079427872026703	0.9597035175392775	0.235306652815066
2015-06-26T02:21:18.577000	7579.093853698478	7582.304501709316	[7580.4383791]	[0.32737756]	[0.41571332]	[-0.92448317]	0.1569539140192592	0.5646964717367915	0.9789300480681554	0.8429166128478227
2015-06-26T02:21:18.577000	7580.899843204575	7581.582105906878	[7581.31390776]	[0.67472349]	[0.04629551]	[-0.05437189]	0.382278312062821	0.2344689551302125	0.10901760052550942	0.14079990816091267
2015-06-26T02:21:18.577000	7582.103836208638	7582.745965810806	[7582.40490101,7582.18416896,7582.44160569]	[0.51553647,0.01503845,0.12882479]	[0.02736136,0.06492147,0.05320184]	[-0.65358353, 1.99897294,-1.72081153]	0.1319561550289651	0.770089650778689	0.1528783765256904	0.14223877457383943
2015-06-26T02:21:18.577000	7705.974649776787	7707.218775880988	[7706.95797728]	[0.16496465]	[0.23398491]	[2.]	0.0838417675199028	0.8862017770995492	0.5509923643391197	0.4505615941442879
2015-06-26T02:21:18.577000	7707.559907232139	7709.446162938506	[7708.5040255 ,7708.06150443]	[0.74504143,0.31133012]	[0.02334519,0.14732647]	[-0.13331217,-0.36590175]	0.22220683988512172	0.4214341161397842	0.3469273260816811	0.2897585234104838
2015-06-26T02:21:18.577000	7718.7570421699365	7719.80050277346	[7719.03790518,7719.25877247,7719.45930487]	[5.31750769e-25,5.81406005e-01,5.82242171e-01]	[0.17085314,0.10515373,0.04103373]	[-1.18084762,-0.00538482,-0.0966028 ]	0.11463525404190544	0.8576351037110259	0.4023283982998913	0.36255836877163455
2015-06-26T02:21:18.577000	7719.740303123256	7720.342299625288	[7719.93960584]	[0.10292824]	[0.01090838]	[0.08236588]	0.4525178533327223	-0.7373830832133099	0.025687283352859656	0.005834438137424262
2015-06-26T02:21:18.577000	7720.302166525154	7720.984429227456	[7720.63171211,7720.37903842,7720.72461935]	[0.78529723,0.51815904,0.6225718 ]	[0.03769445,0.00550696,0.0185861 ]	[-0.16026913, 1.66570792,-0.27704817]	0.24489330429746398	0.6784301221490261	0.08876364278993146	0.20234631355647514
2015-06-26T02:21:18.577000	7720.944296127321	7722.148289131384	[7721.54360291,7721.42582678]	[0.59832393,0.29439862]	[0.02100602,0.19510601]	[ 0.00832093,-0.52834859]	0.052636212224841	0.9388136152762054	0.4594395376486329	0.2809395631403302
2015-06-26T02:21:18.577000	7722.328888081994	7722.971017684162	[7722.66995288,7722.61761215]	[0.10605354,0.86032732]	[0.05267371,0.03740028]	[-1.99542584, 0.03222275]	0.10806418201238986	0.8913579633004834	0.12403709971174634	0.19466166814673394
2015-06-26T02:21:18.577000	7826.233484332744	7827.1164125357245	[7826.68754155,7826.53411625]	[0.69441749,0.75659674]	[0.03241253,0.06031618]	[-0.18308732, 0.15793412]	0.24134665066604064	0.6649694419333239	0.14203374911293282	0.3101772071498805
2015-06-26T02:21:18.577000	7826.715081534369	7827.638142837485	[7827.19661219,7827.04782659,7827.57531796]	[0.57432936,0.29263311,0.0747584 ]	[0.06369405,0.01587881,0.00856769]	[-0.04464463, 0.43412694,-1.48042199]	0.1700286205229692	0.6781287129502122	0.14998801694323446	0.21410930367863568
2015-06-26T02:21:18.577000	7828.200006239383	7829.444132343582	[7828.8020697]	[6.26037299e-08]	[1.60591314e-08]	[1.99992301]	0.4731168293346706	-0.9730222133669759	3.7816364443546364e-08	0.0
2015-06-26T02:21:18.577000	7831.59125320083	7832.313649003269	[7831.95424987]	[0.56279091]	[0.04489911]	[0.16202995]	0.2725758871438008	0.4015869437631737	0.10572932542487883	0.14606150123550612
2015-06-26T02:21:18.577000	7828.099673489044	7836.928955518848	[7828.55019495,7830.39502745]	[0.00277802,0.24859326]	[1.68386862e-04,1.11827925e+00]	[ 0.95096008,-1.17826367]	0.2039737569628617	0.4500836827482949	2.6333463998761344	2.20999406704417
2015-06-26T02:21:18.577000	7833.116311005978	7834.07950540923	[7833.95530964,7833.27638039,7833.67824096]	[0.04591813,0.01075121,0.32500028]	[1.07644999e-04,1.25482868e-01,7.01938247e-02]	[-0.48538168,-1.29986144, 1.00636698]	0.22101555666906075	0.42335040067967167	0.2954895730734799	0.18617184929928923
2015-06-26T02:21:18.577000	7833.658107857807	7834.5410360607875	[7834.11957196,7833.71132025]	[0.51200947,0.53493695]	[0.10501204,0.01697155]	[-0.16643897, 0.0612631 ]	0.19445877313638948	0.5353885512749328	0.24728444761463342	0.3763419674970312
2015-06-26T02:21:18.577000	7839.758339078399	7840.440601780702	[7840.1113658 ,7840.03157797]	[0.54788156,0.21698627]	[0.0352784,0.0563851]	[0.01415915,0.8089047 ]	0.3099067791752107	0.30608725642676615	0.13277676057146964	0.1747909396092327
2015-06-26T02:21:18.577000	7840.239936280025	7841.0827313828695	[7840.66350136,7840.52093453]	[0.76301331,0.58062821]	[0.01750301,0.04400559]	[-0.20272042,-0.1990027 ]	0.1696811974069064	0.7890395771383124	0.10362524077695186	0.19258343556254315
2015-06-26T02:21:18.577000	7933.489194444806	7935.857047352799	[7935.15478465,7933.5690761 ]	[0.09867563,0.27880481]	[0.46523813,0.04570705]	[ 1.99979801,-0.20386798]	0.15335518805031156	0.575778465635451	1.0955520706367712	0.7059532189999593
2015-06-26T02:21:18.577000	7935.596182201918	7936.3988442046275	[7935.97751361,7935.71849123,7936.08457365]	[0.61522288,0.43767386,0.44979888]	[0.04101342,0.01265952,0.04846706]	[ 0.1956482 , 0.00312868,-0.44892771]	0.13304223816169083	0.8104913088632516	0.11413121131266069	0.2626705717317388
2015-06-26T02:21:18.577000	8001.133534723152	8001.735531225184	[8001.41860771]	[0.4844572]	[0.02722425]	[-0.32394733]	0.39055158341275886	0.1069256473935537	0.06410821410905868	0.07700575919409652
2015-06-26T02:21:18.577000	8001.615131924777	8002.73885872857	[8002.15699533,8002.44175687,8001.87593053]	[0.68138855,0.39775665,0.59044328]	[0.10382468,0.02023457,0.04057444]	[0.06690176,0.03841171,0.0406413 ]	0.11157494811983325	0.8740288076221729	0.24448843684786226	0.47618306855563464
2015-06-26T02:21:18.577000	8025.153195154235	8026.718386059518	[8025.95579061,8026.17652266]	[0.35866072,0.61554006]	[0.07346785,0.12096185]	[0.79875031,0.19163066]	0.12001876965706049	0.858400212558102	0.2848433809747796	0.48154729077724656
2015-06-26T02:21:18.577000	8036.10953149122	8036.912193493929	[8036.53086249]	[0.80777142]	[0.05501385]	[0.18720774]	0.16861525645448222	0.753364276099663	0.12954771970142265	0.17468021009734228
2015-06-26T02:21:18.577000	8040.443906305852	8041.16630210829	[8041.00990085]	[0.10192556]	[0.0119654]	[-0.33350989]	0.2851657723717067	-0.853266011012725	0.02817637312484655	0.005507575586195775
2015-06-26T02:21:18.577000	8155.224572693314	8155.786436095212	[8155.52550439]	[0.84248278]	[0.05884684]	[0.27120687]	0.10429010873692497	0.907742051823313	0.13857372043018484	0.1900732428059531
2015-06-26T02:21:18.577000	8438.3033944989	8439.507387502965	[8438.885391  ,8439.09887818]	[0.74133119,0.69963198]	[0.0475927 ,0.05007891]	[-0.33529846, 0.07692523]	0.08048101370759075	0.9310762890534647	0.11792680945049787	0.29029571118091224
2015-06-26T02:21:18.577000	8439.948851604455	8440.671247406894	[8440.30231421,8440.54319319]	[0.34005952,0.11516754]	[0.03339526,0.16330155]	[-0.3471124 , 1.99999689]	0.10447268766763193	0.8509616317793429	0.38454575702003024	0.2626717602762132
2016-06-13T07:49:24.001000	8764.685175411536	8765.593738445386	[8765.15928174]	[0.35622334]	[0.04941834]	[-0.28938359]	0.5475068920065997	-0.05990480271332865	0.11637130836959726	0.10621981842363842
2016-06-13T07:49:24.001000	9631.731926187877	9632.438586325316	[9632.10250564,9632.18525626,9631.98525626]	[0.84941411,0.09230822,0.17854322]	[0.04509937,0.05180568,0.05279975]	[ 0.0460641 ,-2.        , 0.20836008]	0.046130111329220534	0.9772542623453128	0.12433390669361725	0.24148940940485453